,detail_id,order_id,dishes_id,logicprn_name,parent_class_name,dishes_name,itemis_add,counts,amounts,cost,place_order_time,discount_amt,discount_reason,kick_back,add_inprice,add_info,bar_code,picture_file,emp_id
2000,3900,1129,610049,,,爆炒双丝,0,1,35,,2016-08-07 19:43:02,,,,0,,,caipu/301003.jpg,1168
2001,3899,1129,609953,,,凉拌菠菜,0,1,27,,2016-08-07 19:43:33,,,,0,,,caipu/303004.jpg,1168
2002,5755,1282,609962,,,倒立蒸梭子蟹,0,1,169,,2016-08-07 19:44:06,,,,0,,,caipu/102002.jpg,1300
2003,5754,1282,609968,,,油焖麻辣虾,0,1,65,,2016-08-07 19:44:10,,,,0,,,caipu/101003.jpg,1300
2004,5756,1282,609991,,,"香烤牛排


",0,1,55,,2016-08-07 19:44:28,,,,0,,,caipu/201001.jpg,1300
2005,3901,1129,610036,,,路易拉菲红酒干红,0,1,158,,2016-08-07 19:44:36,,,,0,,,caipu/402005.jpg,1168
2006,3907,1129,610020,,,"泡椒凤爪


",0,1,58,,2016-08-07 19:45:11,,,,0,,,caipu/204003.jpg,1168
2007,5760,1282,610031,,,糖醋蕃茄溜青花,0,1,33,,2016-08-07 19:45:13,,,,0,,,caipu/304005.jpg,1300
2008,5757,1282,609931,,,焖猪手,0,1,58,,2016-08-07 19:45:23,,,,0,,,caipu/203002.jpg,1300
2009,3902,1129,609946,,,谷稻小庄 ,0,1,38,,2016-08-07 19:45:24,,,,0,,,caipu/404002.jpg,1168
2010,5758,1282,609960,,,白胡椒胡萝卜羊肉汤,0,1,35,,2016-08-07 19:45:39,,,,0,,,caipu/202006.jpg,1300
2011,3905,1129,610026,,,玉竹南北杏鸭腿汤,0,1,35,,2016-08-07 19:45:43,,,,0,,,caipu/204009.jpg,1168
2012,3904,1129,610011,,,白饭/大碗,0,1,10,,2016-08-07 19:45:47,,,,0,,,caipu/601005.jpg,1168
2013,3903,1129,610053,,,蛋挞,0,1,8,,2016-08-07 19:45:55,,,,0,,,caipu/501002.jpg,1168
2014,5759,1282,610015,,,葱油凉拌藕片,0,1,30,,2016-08-07 19:45:56,,,,0,,,caipu/302004.jpg,1300
2015,3906,1129,610023,,,啤酒鸭,0,1,48,,2016-08-07 19:45:58,,,,0,,,caipu/204006.jpg,1168
2016,5764,1282,609989,,,青岛啤酒罐装,0,2,7,,2016-08-07 19:46:17,,,,0,,,caipu/403004.jpg,1300
2017,5763,1282,609946,,,谷稻小庄 ,0,1,38,,2016-08-07 19:46:21,,,,0,,,caipu/404002.jpg,1300
2018,5765,1282,609936,,,皮蛋瘦肉粥,0,1,16,,2016-08-07 19:46:27,,,,0,,,caipu/602002.jpg,1300
2019,5761,1282,610044,,,木须豌豆,0,1,32,,2016-08-07 19:46:29,,,,0,,,caipu/305003.jpg,1300
2020,5762,1282,610043,,,肉丁茄子,0,1,39,,2016-08-07 19:46:50,,,,0,,,caipu/305002.jpg,1300
2021,3909,1129,609984,,,重庆特色油烧兔,0,1,69,,2016-08-07 19:46:53,,,,0,,,caipu/205004.jpg,1168
2022,5766,1282,610011,,,白饭/大碗,0,1,10,,2016-08-07 19:47:01,,,,0,,,caipu/601005.jpg,1300
2023,5767,1282,610056,,,纸杯蛋糕,0,1,8,,2016-08-07 19:47:46,,,,0,,,caipu/501005.jpg,1300
2024,5570,1263,609967,,,香酥两吃大虾,0,1,89,,2016-08-07 19:59:36,,,,0,,,caipu/101002.jpg,1420
2025,5571,1263,609992,,,"番茄炖牛腩


",0,1,35,,2016-08-07 19:59:45,,,,0,,,caipu/201002.jpg,1420
2026,5572,1263,610051,,,凉拌萝卜丝,0,1,20,,2016-08-07 20:00:25,,,,0,,,caipu/301005.jpg,1420
2027,4391,1169,609943,,,剁椒鱼头,0,1,55,,2016-08-07 20:01:25,,,,0,,,caipu/103004.jpg,1146
2028,5573,1263,610048,,,拌土豆丝,0,1,25,,2016-08-07 20:01:56,,,,0,,,caipu/301002.jpg,1420
2029,5575,1263,610054,,,不加一滴油的酸奶蛋糕,0,1,7,,2016-08-07 20:02:12,,,,0,,,caipu/501003.jpg,1420
2030,4392,1169,610063,,,蒜香辣花甲,0,1,45,,2016-08-07 20:02:30,,,,0,,,caipu/104002.jpg,1146
2031,5574,1263,610052,,,黄油曲奇饼干,0,1,16,,2016-08-07 20:02:53,,,,0,,,caipu/501001.jpg,1420
2032,4393,1169,609934,,,芹菜炒腰花,0,1,18,,2016-08-07 20:03:29,,,,0,,,caipu/203005.jpg,1146
2033,4394,1169,610023,,,啤酒鸭,0,1,48,,2016-08-07 20:04:25,,,,0,,,caipu/204006.jpg,1146
2034,5576,1263,610010,,,白饭/小碗,0,1,1,,2016-08-07 20:04:31,,,,0,,,caipu/601004.jpg,1420
2035,4921,1211,609966,,,芝士烩波士顿龙虾,0,1,175,,2016-08-07 20:11:25,,,,0,,,caipu/101001.jpg,1607
2036,4395,1169,610025,,,番茄蛋汤,0,1,25,,2016-08-07 20:12:16,,,,0,,,caipu/204008.jpg,1146
2037,4396,1169,609982,,,"五香酱驴肉


",0,1,52,,2016-08-07 20:13:15,,,,0,,,caipu/205002.jpg,1146
2038,4922,1211,609963,,,盘蟹蒸蛋,0,1,55,,2016-08-07 20:13:46,,,,0,,,caipu/102003.jpg,1607
2039,4923,1211,609956,,,孜然羊排,0,1,88,,2016-08-07 20:13:54,,,,0,,,caipu/202002.jpg,1607
2040,4924,1211,609994,,,"独家薄荷鲜虾牛肉卷


",0,1,45,,2016-08-07 20:15:46,,,,0,,,caipu/201004.jpg,1607
2041,4397,1169,610008,,,五色糯米饭(七色),0,1,35,,2016-08-07 20:15:49,,,,0,,,caipu/601002.jpg,1146
2042,3964,1138,609961,,,姜葱炒花蟹,0,1,45,,2016-08-07 20:16:02,,,,0,,,caipu/102001.jpg,1223
2043,3969,1138,610065,,,辣炒花蛤,0,1,35,,2016-08-07 20:16:31,,,,0,,,caipu/104004.jpg,1223
2044,4925,1211,610049,,,爆炒双丝,0,1,35,,2016-08-07 20:16:34,,,,0,,,caipu/301003.jpg,1607
2045,3975,1138,609992,,,"番茄炖牛腩


",0,1,35,,2016-08-07 20:17:06,,,,0,,,caipu/201002.jpg,1223
2046,4926,1211,609953,,,凉拌菠菜,0,1,27,,2016-08-07 20:17:34,,,,0,,,caipu/303004.jpg,1607
2047,4927,1211,609952,,,美妙绝伦之白莲花,0,1,29,,2016-08-07 20:17:39,,,,0,,,caipu/303003.jpg,1607
2048,3981,1138,610047,,,西瓜胡萝卜沙拉,0,1,26,,2016-08-07 20:18:03,,,,0,,,caipu/301001.jpg,1223
2049,3985,1138,610006,,,咖啡奶香面包,0,1,16,,2016-08-07 20:18:18,,,,0,,,caipu/503005.jpg,1223
2050,3982,1138,610049,,,爆炒双丝,0,1,35,,2016-08-07 20:18:35,,,,0,,,caipu/301003.jpg,1223
2051,3987,1138,609998,,,清爽拌凉面,0,1,15,,2016-08-07 20:19:43,,,,0,,,caipu/603002.jpg,1223
2052,4930,1211,610029,,,黄花菜炒木耳,0,1,35,,2016-08-07 20:19:58,,,,0,,,caipu/304003.jpg,1607
2053,3990,1138,610061,,,牛肉鸡蛋肠粉,0,1,20,,2016-08-07 20:21:14,,,,0,,,caipu/604005.jpg,1223
2054,4285,1162,609940,,,清蒸蝶鱼,0,1,56,,2016-08-07 20:21:32,,,,0,,,caipu/103001.jpg,1447
2055,4284,1162,609967,,,香酥两吃大虾,0,1,89,,2016-08-07 20:21:35,,,,0,,,caipu/101002.jpg,1447
2056,4931,1211,610030,,,番茄有机花菜,0,1,32,,2016-08-07 20:21:41,,,,0,,,caipu/304004.jpg,1607
2057,3151,1069,609991,,,"香烤牛排


",0,1,55,,2016-08-07 20:22:17,,,,0,,,caipu/201001.jpg,1239
2058,4932,1211,610063,,,蒜香辣花甲,0,1,45,,2016-08-07 20:22:20,,,,0,,,caipu/104002.jpg,1607
2059,3991,1138,609946,,,谷稻小庄 ,0,1,38,,2016-08-07 20:22:40,,,,0,,,caipu/404002.jpg,1223
2060,4286,1162,609931,,,焖猪手,0,1,58,,2016-08-07 20:22:44,,,,0,,,caipu/203002.jpg,1447
2061,4935,1211,610011,,,白饭/大碗,0,1,10,,2016-08-07 20:23:07,,,,0,,,caipu/601005.jpg,1607
2062,4287,1162,609960,,,白胡椒胡萝卜羊肉汤,0,1,35,,2016-08-07 20:23:32,,,,0,,,caipu/202006.jpg,1447
2063,4934,1211,610008,,,五色糯米饭(七色),0,1,35,,2016-08-07 20:23:45,,,,0,,,caipu/601002.jpg,1607
2064,4933,1211,610021,,,爆炒鸡翅,0,1,56,,2016-08-07 20:23:51,,,,0,,,caipu/204004.jpg,1607
2065,4936,1211,609998,,,清爽拌凉面,0,1,15,,2016-08-07 20:24:55,,,,0,,,caipu/603002.jpg,1607
2066,3152,1069,609939,,,香菇鸡肉粥,0,1,15,,2016-08-07 20:26:07,,,,0,,,caipu/602005.jpg,1239
2067,4288,1162,609953,,,凉拌菠菜,0,1,27,,2016-08-07 20:26:23,,,,0,,,caipu/303004.jpg,1447
2068,3154,1069,609942,,,辣炒鱿鱼,0,1,58,,2016-08-07 20:26:29,,,,0,,,caipu/103003.jpg,1239
2069,4289,1162,609952,,,美妙绝伦之白莲花,0,1,29,,2016-08-07 20:27:08,,,,0,,,caipu/303003.jpg,1447
2070,4290,1162,610056,,,纸杯蛋糕,0,2,8,,2016-08-07 20:27:28,,,,0,,,caipu/501005.jpg,1447
2071,4291,1162,610055,,,葡萄奶酥(超酥香的饼干),0,2,9,,2016-08-07 20:29:12,,,,0,,,caipu/501004.jpg,1447
2072,4292,1162,610011,,,白饭/大碗,0,1,10,,2016-08-07 20:30:57,,,,0,,,caipu/601005.jpg,1447
2073,4293,1162,610012,,,香菇鹌鹑蛋,0,1,39,,2016-08-07 20:31:34,,,,0,,,caipu/302001.jpg,1447
2074,4294,1162,609956,,,孜然羊排,0,1,88,,2016-08-07 20:32:16,,,,0,,,caipu/202002.jpg,1447
2075,4295,1162,609964,,,避风塘炒蟹,0,1,48,,2016-08-07 20:34:52,,,,0,,,caipu/102004.jpg,1447
2076,5870,1293,609970,,,麻辣小龙虾,0,1,99,,2016-08-07 20:39:03,,,,0,,,caipu/101006.jpg,1132
2077,2488,1014,609968,,,油焖麻辣虾,0,1,65,,2016-08-07 20:39:21,,,,0,,,caipu/101003.jpg,1151
2078,3597,1109,609966,,,芝士烩波士顿龙虾,0,1,175,,2016-08-07 20:40:09,,,,0,,,caipu/101001.jpg,1280
2079,5875,1293,610066,,,辣炒田螺,0,1,35,,2016-08-07 20:40:50,,,,0,,,caipu/104005.jpg,1132
2080,3598,1109,609967,,,香酥两吃大虾,0,1,89,,2016-08-07 20:40:52,,,,0,,,caipu/101002.jpg,1280
2081,3602,1109,609963,,,盘蟹蒸蛋,0,1,55,,2016-08-07 20:41:45,,,,0,,,caipu/102003.jpg,1280
2082,6081,711,609991,,,"香烤牛排


",0,1,55,,2016-08-07 20:42:03,,,,0,,,caipu/201001.jpg,1034
2083,2492,1014,609935,,,山药养生粥,0,1,19,,2016-08-07 20:42:11,,,,0,,,caipu/602001.jpg,1151
2084,3603,1109,610066,,,辣炒田螺,0,1,35,,2016-08-07 20:42:30,,,,0,,,caipu/104005.jpg,1280
2085,2494,1014,609944,,,水煮鱼,0,1,65,,2016-08-07 20:43:01,,,,0,,,caipu/103005.jpg,1151
2086,2501,1014,609953,,,凉拌菠菜,0,1,27,,2016-08-07 20:43:07,,,,0,,,caipu/303004.jpg,1151
2087,3610,1109,610051,,,凉拌萝卜丝,0,1,20,,2016-08-07 20:43:07,,,,0,,,caipu/301005.jpg,1280
2088,3604,1109,610038,,,芝麻烤紫菜,0,1,25,,2016-08-07 20:43:53,,,,0,,,caipu/105002.jpg,1280
2089,3613,1109,610047,,,西瓜胡萝卜沙拉,0,1,26,,2016-08-07 20:44:20,,,,0,,,caipu/301001.jpg,1280
2090,3621,1109,609989,,,青岛啤酒罐装,0,4,7,,2016-08-07 20:45:20,,,,0,,,caipu/403004.jpg,1280
2091,3615,1109,610050,,,番茄甘蓝,0,1,33,,2016-08-07 20:45:44,,,,0,,,caipu/301004.jpg,1280
2092,3625,1109,609971,,,大理石奶油蛋糕,0,1,13,,2016-08-07 20:46:18,,,,0,,,caipu/502001.jpg,1280
2093,3994,1139,609963,,,盘蟹蒸蛋,0,1,55,,2016-08-07 20:46:52,,,,0,,,caipu/102003.jpg,1114
2094,3995,1139,609964,,,避风塘炒蟹,0,1,48,,2016-08-07 20:46:52,,,,0,,,caipu/102004.jpg,1114
2095,3993,1139,609970,,,麻辣小龙虾,0,1,99,,2016-08-07 20:46:59,,,,0,,,caipu/101006.jpg,1114
2096,3998,1139,609991,,,"香烤牛排


",0,1,55,,2016-08-07 20:47:25,,,,0,,,caipu/201001.jpg,1114
2097,3996,1139,609995,,,"党参黄芪炖牛尾


",0,1,35,,2016-08-07 20:47:26,,,,0,,,caipu/201005.jpg,1114
2098,3628,1109,610056,,,纸杯蛋糕,0,1,8,,2016-08-07 20:47:34,,,,0,,,caipu/501005.jpg,1280
2099,3997,1139,609992,,,"番茄炖牛腩


",0,1,35,,2016-08-07 20:47:39,,,,0,,,caipu/201002.jpg,1114
2100,5887,1293,610063,,,蒜香辣花甲,0,1,45,,2016-08-07 20:47:50,,,,0,,,caipu/104002.jpg,1132
2101,5878,1293,610039,,,培根紫菜卷,0,1,30,,2016-08-07 20:47:58,,,,0,,,caipu/105003.jpg,1132
2102,3635,1109,610012,,,香菇鹌鹑蛋,0,1,39,,2016-08-07 20:48:07,,,,0,,,caipu/302001.jpg,1280
2103,3636,1109,610049,,,爆炒双丝,0,1,35,,2016-08-07 20:48:13,,,,0,,,caipu/301003.jpg,1280
2104,6082,711,609932,,,爆炒猪肝,0,1,68,,2016-08-07 20:48:17,,,,0,,,caipu/203003.jpg,1034
2105,2508,1014,610012,,,香菇鹌鹑蛋,0,1,39,,2016-08-07 20:48:19,,,,0,,,caipu/302001.jpg,1151
2106,4000,1139,610051,,,凉拌萝卜丝,0,1,20,,2016-08-07 20:48:34,,,,0,,,caipu/301005.jpg,1114
2107,3999,1139,610047,,,西瓜胡萝卜沙拉,0,1,26,,2016-08-07 20:48:35,,,,0,,,caipu/301001.jpg,1114
2108,3631,1109,610010,,,白饭/小碗,0,7,1,,2016-08-07 20:48:42,,,,0,,,caipu/601004.jpg,1280
2109,4002,1139,610016,,,五彩藕苗,0,1,35,,2016-08-07 20:49:10,,,,0,,,caipu/302005.jpg,1114
2110,3640,1109,609996,,,牛尾汤,0,1,40,,2016-08-07 20:49:13,,,,0,,,caipu/201006.jpg,1280
2111,4001,1139,610013,,,番茄炖秋葵,0,1,35,,2016-08-07 20:49:43,,,,0,,,caipu/302002.jpg,1114
2112,4003,1139,609953,,,凉拌菠菜,0,1,27,,2016-08-07 20:50:48,,,,0,,,caipu/303004.jpg,1114
2113,6085,711,609993,,,百里香奶油烤红酒牛肉,0,1,178,,2016-08-07 20:50:50,,,,0,,,caipu/111.jpg,1034
2114,2510,1014,610028,,,培根花菜,0,1,35,,2016-08-07 20:51:14,,,,0,,,caipu/304002.jpg,1151
2115,4005,1139,610046,,,青炒扁豆,0,1,28,,2016-08-07 20:51:26,,,,0,,,caipu/305005.jpg,1114
2116,6087,711,609955,,,红酒炖羊肉,0,1,108,,2016-08-07 20:51:27,,,,0,,,caipu/202001.jpg,1034
2117,5889,1293,609949,,,意文柠檬汁 ,0,1,13,,2016-08-07 20:51:32,,,,0,,,caipu/404005.jpg,1132
2118,2515,1014,609943,,,剁椒鱼头,0,1,55,,2016-08-07 20:52:15,,,,0,,,caipu/103004.jpg,1151
2119,2519,1014,610011,,,白饭/大碗,0,2,10,,2016-08-07 20:52:46,,,,0,,,caipu/601005.jpg,1151
2120,6093,711,609960,,,白胡椒胡萝卜羊肉汤,0,1,35,,2016-08-07 20:52:47,,,,0,,,caipu/202006.jpg,1034
2121,4006,1139,609986,,,哈尔滨啤酒罐装,0,1,7,,2016-08-07 20:52:53,,,,0,,,caipu/403001.jpg,1114
2122,6101,711,609950,,,大蒜苋菜,0,1,30,,2016-08-07 20:53:42,,,,0,,,caipu/303001.jpg,1034
2123,4009,1139,609987,,,蓝带啤酒罐装,0,1,9,,2016-08-07 20:54:02,,,,0,,,caipu/403002.jpg,1114
2124,2526,1014,610063,,,蒜香辣花甲,0,1,45,,2016-08-07 20:54:05,,,,0,,,caipu/104002.jpg,1151
2125,4010,1139,610052,,,黄油曲奇饼干,0,1,16,,2016-08-07 20:54:21,,,,0,,,caipu/501001.jpg,1114
2126,4007,1139,609989,,,青岛啤酒罐装,0,1,7,,2016-08-07 20:54:31,,,,0,,,caipu/403004.jpg,1114
2127,4008,1139,609988,,,百威啤酒罐装,0,1,6,,2016-08-07 20:54:40,,,,0,,,caipu/403003.jpg,1114
2128,2530,1014,610062,,,蒜蓉生蚝,0,1,49,,2016-08-07 20:55:09,,,,0,,,caipu/104001.jpg,1151
2129,4013,1139,610004,,,南瓜芝士包,0,1,10,,2016-08-07 20:55:24,,,,0,,,caipu/503003.jpg,1114
2130,4011,1139,610055,,,葡萄奶酥(超酥香的饼干),0,1,9,,2016-08-07 20:55:30,,,,0,,,caipu/501004.jpg,1114
2131,5610,1268,609968,,,油焖麻辣虾,0,1,65,,2016-08-07 20:55:40,,,,0,,,caipu/101003.jpg,1553
2132,5611,1268,609961,,,姜葱炒花蟹,0,1,45,,2016-08-07 20:55:48,,,,0,,,caipu/102001.jpg,1553
2133,4015,1139,610008,,,五色糯米饭(七色),0,1,35,,2016-08-07 20:55:49,,,,0,,,caipu/601002.jpg,1114
2134,4019,1139,610061,,,牛肉鸡蛋肠粉,0,1,20,,2016-08-07 20:57:48,,,,0,,,caipu/604005.jpg,1114
2135,6109,711,609954,,,凉拌蒜蓉西兰花,0,1,29,,2016-08-07 20:58:02,,,,0,,,caipu/304001.jpg,1034
2136,4020,1139,609983,,,干锅田鸡,0,1,88,,2016-08-07 20:58:34,,,,0,,,caipu/205003.jpg,1114
2137,5612,1268,609991,,,"香烤牛排


",0,1,55,,2016-08-07 21:00:20,,,,0,,,caipu/201001.jpg,1553
2138,5613,1268,609994,,,"独家薄荷鲜虾牛肉卷


",0,1,45,,2016-08-07 21:01:33,,,,0,,,caipu/201004.jpg,1553
2139,5614,1268,609953,,,凉拌菠菜,0,1,27,,2016-08-07 21:02:09,,,,0,,,caipu/303004.jpg,1553
2140,5616,1268,610033,,,"张裕葡萄酒张裕赤霞珠干红


",0,2,32,,2016-08-07 21:04:09,,,,0,,,caipu/402002.jpg,1553
2141,5615,1268,610031,,,糖醋蕃茄溜青花,0,1,33,,2016-08-07 21:04:55,,,,0,,,caipu/304005.jpg,1553
2142,5617,1268,609949,,,意文柠檬汁 ,0,1,13,,2016-08-07 21:07:30,,,,0,,,caipu/404005.jpg,1553
2143,3502,1096,609961,,,姜葱炒花蟹,0,1,45,,2016-08-07 21:09:40,,,,0,,,caipu/102001.jpg,1464
2144,5618,1268,610011,,,白饭/大碗,0,1,10,,2016-08-07 21:10:36,,,,0,,,caipu/601005.jpg,1553
2145,3503,1096,610010,,,白饭/小碗,0,4,1,,2016-08-07 21:11:17,,,,0,,,caipu/601004.jpg,1464
2146,3504,1096,609992,,,"番茄炖牛腩


",0,1,35,,2016-08-07 21:11:30,,,,0,,,caipu/201002.jpg,1464
2147,5625,1268,609981,,,桂圆枸杞鸽子汤,0,1,48,,2016-08-07 21:12:51,,,,0,,,caipu/205001.jpg,1553
2148,3505,1096,609956,,,孜然羊排,0,1,88,,2016-08-07 21:13:41,,,,0,,,caipu/202002.jpg,1464
2149,4270,1159,609966,,,芝士烩波士顿龙虾,0,1,175,,2016-08-07 21:15:53,,,,0,,,caipu/101001.jpg,1153
2150,3507,1096,610020,,,"泡椒凤爪


",0,1,58,,2016-08-07 21:16:35,,,,0,,,caipu/204003.jpg,1464
2151,3510,1096,610026,,,玉竹南北杏鸭腿汤,0,1,35,,2016-08-07 21:17:02,,,,0,,,caipu/204009.jpg,1464
2152,4271,1159,609969,,,香辣腐乳炒虾,0,1,56,,2016-08-07 21:19:51,,,,0,,,caipu/101004.jpg,1153
2153,4272,1159,609956,,,孜然羊排,0,1,88,,2016-08-07 21:20:11,,,,0,,,caipu/202002.jpg,1153
2154,4275,1159,610011,,,白饭/大碗,0,1,10,,2016-08-07 21:20:16,,,,0,,,caipu/601005.jpg,1153
2155,4274,1159,610048,,,拌土豆丝,0,1,25,,2016-08-07 21:20:56,,,,0,,,caipu/301002.jpg,1153
2156,3517,1096,609953,,,凉拌菠菜,0,1,27,,2016-08-07 21:22:55,,,,0,,,caipu/303004.jpg,1464
2157,3537,1096,609946,,,谷稻小庄 ,0,1,38,,2016-08-07 21:25:09,,,,0,,,caipu/404002.jpg,1464
2158,8235,909,609993,,,百里香奶油烤红酒牛肉,0,1,178,,2016-08-07 21:25:18,,,,0,,,caipu/111.jpg,991
2159,8236,909,610015,,,葱油凉拌藕片,0,1,30,,2016-08-07 21:25:32,,,,0,,,caipu/302004.jpg,991
2160,3554,1096,609968,,,油焖麻辣虾,0,1,65,,2016-08-07 21:26:47,,,,0,,,caipu/101003.jpg,1464
2161,3556,1096,610063,,,蒜香辣花甲,0,1,45,,2016-08-07 21:28:02,,,,0,,,caipu/104002.jpg,1464
2162,8237,909,609956,,,孜然羊排,0,1,88,,2016-08-07 21:28:22,,,,0,,,caipu/202002.jpg,991
2163,8238,909,609966,,,芝士烩波士顿龙虾,0,1,175,,2016-08-07 21:30:21,,,,0,,,caipu/101001.jpg,991
2164,4073,1146,610064,,,花蛤蒸蛋,0,1,37,,2016-08-07 21:35:07,,,,0,,,caipu/104003.jpg,1191
2165,4885,1208,609967,,,香酥两吃大虾,0,1,89,,2016-08-07 21:35:49,,,,0,,,caipu/101002.jpg,1182
2166,4072,1146,609968,,,油焖麻辣虾,0,1,65,,2016-08-07 21:35:50,,,,0,,,caipu/101003.jpg,1191
2167,4845,598,609967,,,香酥两吃大虾,0,1,89,,2016-08-07 21:36:05,,,,0,,,caipu/101002.jpg,1469
2168,4846,598,609936,,,皮蛋瘦肉粥,0,1,16,,2016-08-07 21:36:24,,,,0,,,caipu/602002.jpg,1469
2169,4886,1208,609970,,,麻辣小龙虾,0,1,99,,2016-08-07 21:36:48,,,,0,,,caipu/101006.jpg,1182
2170,4847,598,609942,,,辣炒鱿鱼,0,1,58,,2016-08-07 21:37:46,,,,0,,,caipu/103003.jpg,1469
2171,4074,1146,610065,,,辣炒花蛤,0,1,35,,2016-08-07 21:37:56,,,,0,,,caipu/104004.jpg,1191
2172,4076,1146,609981,,,桂圆枸杞鸽子汤,0,1,48,,2016-08-07 21:38:06,,,,0,,,caipu/205001.jpg,1191
2173,4848,598,609946,,,谷稻小庄 ,0,1,38,,2016-08-07 21:38:24,,,,0,,,caipu/404002.jpg,1469
2174,4888,1208,609995,,,"党参黄芪炖牛尾


",0,1,35,,2016-08-07 21:38:26,,,,0,,,caipu/201005.jpg,1182
2175,4849,598,609954,,,凉拌蒜蓉西兰花,0,1,29,,2016-08-07 21:38:30,,,,0,,,caipu/304001.jpg,1469
2176,4887,1208,609991,,,"香烤牛排


",0,1,55,,2016-08-07 21:38:41,,,,0,,,caipu/201001.jpg,1182
2177,4889,1208,610048,,,拌土豆丝,0,1,25,,2016-08-07 21:39:08,,,,0,,,caipu/301002.jpg,1182
2178,4890,1208,610051,,,凉拌萝卜丝,0,1,20,,2016-08-07 21:39:18,,,,0,,,caipu/301005.jpg,1182
2179,4892,1208,610033,,,"张裕葡萄酒张裕赤霞珠干红


",0,1,32,,2016-08-07 21:40:14,,,,0,,,caipu/402002.jpg,1182
2180,4850,598,609992,,,"番茄炖牛腩


",0,1,35,,2016-08-07 21:40:33,,,,0,,,caipu/201002.jpg,1469
2181,4851,598,609998,,,清爽拌凉面,0,1,15,,2016-08-07 21:40:35,,,,0,,,caipu/603002.jpg,1469
2182,4077,1146,609982,,,"五香酱驴肉


",0,1,52,,2016-08-07 21:41:12,,,,0,,,caipu/205002.jpg,1191
2183,4893,1208,609945,,,农夫山泉NFC果汁100%橙汁,0,1,6,,2016-08-07 21:41:53,,,,0,,,caipu/404001.jpg,1182
2184,4894,1208,610054,,,不加一滴油的酸奶蛋糕,0,1,7,,2016-08-07 21:42:14,,,,0,,,caipu/501003.jpg,1182
2185,4078,1146,609956,,,孜然羊排,0,1,88,,2016-08-07 21:42:21,,,,0,,,caipu/202002.jpg,1191
2186,4080,1146,609953,,,凉拌菠菜,0,1,27,,2016-08-07 21:43:19,,,,0,,,caipu/303004.jpg,1191
2187,4852,598,610008,,,五色糯米饭(七色),0,1,35,,2016-08-07 21:43:37,,,,0,,,caipu/601002.jpg,1469
2188,4895,1208,610053,,,蛋挞,0,1,8,,2016-08-07 21:43:44,,,,0,,,caipu/501002.jpg,1182
2189,4896,1208,610007,,,桂圆肉红豆八宝饭,0,1,39,,2016-08-07 21:43:56,,,,0,,,caipu/601001.jpg,1182
2190,4079,1146,610047,,,西瓜胡萝卜沙拉,0,1,26,,2016-08-07 21:43:57,,,,0,,,caipu/301001.jpg,1191
2191,4870,598,610024,,,"红酒土豆烧鸭腿


",0,1,48,,2016-08-07 21:44:31,,,,0,,,caipu/204007.jpg,1469
2192,4897,1208,610057,,,宝宝版牛肉肠粉,0,1,15,,2016-08-07 21:44:34,,,,0,,,caipu/604001.jpg,1182
2193,4858,598,609956,,,孜然羊排,0,1,88,,2016-08-07 21:44:36,,,,0,,,caipu/202002.jpg,1469
2194,4860,598,609973,,,紫薯面包卷,0,1,20,,2016-08-07 21:44:43,,,,0,,,caipu/502003.jpg,1469
2195,4081,1146,610016,,,五彩藕苗,0,1,35,,2016-08-07 21:45:08,,,,0,,,caipu/302005.jpg,1191
2196,4082,1146,610051,,,凉拌萝卜丝,0,1,20,,2016-08-07 21:45:28,,,,0,,,caipu/301005.jpg,1191
2197,4083,1146,610042,,,五彩豆,0,1,29,,2016-08-07 21:46:17,,,,0,,,caipu/305001.jpg,1191
2198,4084,1146,610030,,,番茄有机花菜,0,1,32,,2016-08-07 21:46:41,,,,0,,,caipu/304004.jpg,1191
2199,4085,1146,610034,,,法国波尔多AOC干红葡萄酒原,0,1,159,,2016-08-07 21:47:15,,,,0,,,caipu/402003.jpg,1191
2200,4881,598,610059,,,鸡蛋、肉末肠粉,0,1,13,,2016-08-07 21:47:39,,,,0,,,caipu/604003.jpg,1469
2201,4086,1146,610070,,,52度泸州老窖 ,0,1,159,,2016-08-07 21:48:32,,,,0,,,caipu/401003.jpg,1191
2202,4883,598,610063,,,蒜香辣花甲,0,1,45,,2016-08-07 21:48:53,,,,0,,,caipu/104002.jpg,1469
2203,4087,1146,610053,,,蛋挞,0,8,8,,2016-08-07 21:49:49,,,,0,,,caipu/501002.jpg,1191
2204,4090,1146,610009,,,黑米恋上葡萄,0,1,33,,2016-08-07 21:50:37,,,,0,,,caipu/601003.jpg,1191
2205,4089,1146,610008,,,五色糯米饭(七色),0,1,35,,2016-08-07 21:50:47,,,,0,,,caipu/601002.jpg,1191
2206,4092,1146,609938,,,小米南瓜粥,0,1,13,,2016-08-07 21:51:25,,,,0,,,caipu/602004.jpg,1191
2207,4093,1146,609998,,,清爽拌凉面,0,1,15,,2016-08-07 21:51:55,,,,0,,,caipu/603002.jpg,1191
2208,4094,1146,609958,,,"香辣爆羊肝


",0,1,28,,2016-08-07 21:52:52,,,,0,,,caipu/202004.jpg,1191
2209,4572,1186,609967,,,香酥两吃大虾,0,1,89,,2016-08-07 21:54:04,,,,0,,,caipu/101002.jpg,1489
2210,4575,1186,609992,,,"番茄炖牛腩


",0,1,35,,2016-08-07 21:55:27,,,,0,,,caipu/201002.jpg,1489
2211,4574,1186,609970,,,麻辣小龙虾,0,1,99,,2016-08-07 21:55:52,,,,0,,,caipu/101006.jpg,1489
2212,4579,1186,609931,,,焖猪手,0,1,58,,2016-08-07 21:56:04,,,,0,,,caipu/203002.jpg,1489
2213,4578,1186,609930,,,豌豆薯仔猪骨汤,0,1,39,,2016-08-07 21:56:23,,,,0,,,caipu/203001.jpg,1489
2214,4584,1186,610028,,,培根花菜,0,1,35,,2016-08-07 21:57:15,,,,0,,,caipu/304002.jpg,1489
2215,4581,1186,609934,,,芹菜炒腰花,0,1,18,,2016-08-07 21:57:21,,,,0,,,caipu/203005.jpg,1489
2216,4269,546,609959,,,"小炒羊腰


",0,1,36,,2016-08-07 21:57:31,,,,0,,,caipu/202005.jpg,1275
2217,4263,546,610064,,,花蛤蒸蛋,0,1,37,,2016-08-07 21:57:39,,,,0,,,caipu/104003.jpg,1275
2218,4266,546,610040,,,海带结豆腐汤,0,1,30,,2016-08-07 21:57:40,,,,0,,,caipu/105004.jpg,1275
2219,4268,546,609951,,,炝炒大白菜,0,1,29,,2016-08-07 21:57:40,,,,0,,,caipu/303002.jpg,1275
2220,4274,546,609990,,,特醇嘉士伯啤酒罐装,0,1,6,,2016-08-07 21:58:29,,,,0,,,caipu/403005.jpg,1275
2221,4273,546,609987,,,蓝带啤酒罐装,0,1,9,,2016-08-07 21:58:33,,,,0,,,caipu/403002.jpg,1275
2222,4271,546,609964,,,避风塘炒蟹,0,1,48,,2016-08-07 21:58:36,,,,0,,,caipu/102004.jpg,1275
2223,4586,1186,610030,,,番茄有机花菜,0,1,32,,2016-08-07 21:59:03,,,,0,,,caipu/304004.jpg,1489
2224,4275,546,609989,,,青岛啤酒罐装,0,1,7,,2016-08-07 21:59:17,,,,0,,,caipu/403004.jpg,1275
2225,4588,1186,610029,,,黄花菜炒木耳,0,1,35,,2016-08-07 21:59:35,,,,0,,,caipu/304003.jpg,1489
2226,4593,1186,610044,,,木须豌豆,0,1,32,,2016-08-07 22:00:01,,,,0,,,caipu/305003.jpg,1489
2227,4598,1186,609989,,,青岛啤酒罐装,0,8,7,,2016-08-07 22:00:19,,,,0,,,caipu/403004.jpg,1489
2228,4597,1186,610032,,,长城窖酿解百纳红酒干红葡萄酒,0,1,35,,2016-08-07 22:00:27,,,,0,,,caipu/401001.jpg,1489
2229,4276,546,610002,,,老式面包,0,1,19,,2016-08-07 22:00:31,,,,0,,,caipu/503001.jpg,1275
2230,4590,1186,610027,,,清炒菊花菜,0,1,30,,2016-08-07 22:00:36,,,,0,,,caipu/304001.jpg,1489
2231,4278,546,610051,,,凉拌萝卜丝,0,1,20,,2016-08-07 22:01:06,,,,0,,,caipu/301005.jpg,1275
2232,4600,1186,610003,,,蒜香包,0,1,13,,2016-08-07 22:01:24,,,,0,,,caipu/503002.jpg,1489
2233,4599,1186,609975,,,一品香酥藕,0,1,10,,2016-08-07 22:01:27,,,,0,,,caipu/502005.jpg,1489
2234,4602,1186,610002,,,老式面包,0,1,19,,2016-08-07 22:01:33,,,,0,,,caipu/503001.jpg,1489
2235,4277,546,610041,,,凉拌海带豆芽紫菜,0,1,35,,2016-08-07 22:01:43,,,,0,,,caipu/105005.jpg,1275
2236,4601,1186,610004,,,南瓜芝士包,0,1,10,,2016-08-07 22:01:55,,,,0,,,caipu/503003.jpg,1489
2237,4605,1186,609938,,,小米南瓜粥,0,1,13,,2016-08-07 22:02:28,,,,0,,,caipu/602004.jpg,1489
2238,4604,1186,609999,,,鱼香肉丝拌面,0,1,18,,2016-08-07 22:02:29,,,,0,,,caipu/603003.jpg,1489
2239,4603,1186,609998,,,清爽拌凉面,0,1,15,,2016-08-07 22:02:35,,,,0,,,caipu/603002.jpg,1489
2240,4606,1186,610001,,,土豆西红柿汤面,0,1,13,,2016-08-07 22:02:37,,,,0,,,caipu/603005.jpg,1489
2241,4279,546,610061,,,牛肉鸡蛋肠粉,0,1,20,,2016-08-07 22:02:41,,,,0,,,caipu/604005.jpg,1275
2242,4283,546,609938,,,小米南瓜粥,0,1,13,,2016-08-07 22:03:22,,,,0,,,caipu/602004.jpg,1275
2243,4282,546,609935,,,山药养生粥,0,1,19,,2016-08-07 22:03:28,,,,0,,,caipu/602001.jpg,1275
2244,4280,546,609953,,,凉拌菠菜,0,1,27,,2016-08-07 22:03:37,,,,0,,,caipu/303004.jpg,1275
2245,4281,546,609966,,,芝士烩波士顿龙虾,0,1,175,,2016-08-07 22:03:56,,,,0,,,caipu/101001.jpg,1275
2246,4285,546,610007,,,桂圆肉红豆八宝饭,0,1,39,,2016-08-07 22:04:33,,,,0,,,caipu/601001.jpg,1275
2247,4287,546,609975,,,一品香酥藕,0,1,10,,2016-08-07 22:04:41,,,,0,,,caipu/502005.jpg,1275
2248,4284,546,609936,,,皮蛋瘦肉粥,0,1,16,,2016-08-07 22:04:59,,,,0,,,caipu/602002.jpg,1275
2249,4289,546,609932,,,爆炒猪肝,0,1,68,,2016-08-07 22:06:05,,,,0,,,caipu/203003.jpg,1275
2250,4292,546,609962,,,倒立蒸梭子蟹,0,1,169,,2016-08-07 22:06:26,,,,0,,,caipu/102002.jpg,1275
2251,2672,393,609935,,,山药养生粥,0,1,19,,2016-08-08 11:04:28,,,,0,,,caipu/602001.jpg,1210
2252,2714,393,609952,,,美妙绝伦之白莲花,0,1,29,,2016-08-08 11:05:31,,,,0,,,caipu/303003.jpg,1210
2253,2724,393,609998,,,清爽拌凉面,0,1,15,,2016-08-08 11:05:42,,,,0,,,caipu/603002.jpg,1210
2254,2718,393,610053,,,蛋挞,0,1,8,,2016-08-08 11:05:46,,,,0,,,caipu/501002.jpg,1210
2255,2751,393,610018,,,"照烧鸡腿


",0,1,16,,2016-08-08 11:08:50,,,,0,,,caipu/204001.jpg,1210
2256,2755,393,609934,,,芹菜炒腰花,0,1,18,,2016-08-08 11:09:46,,,,0,,,caipu/203005.jpg,1210
2257,2769,393,610003,,,蒜香包,0,1,13,,2016-08-08 11:11:04,,,,0,,,caipu/503002.jpg,1210
2258,2759,393,609948,,,露露无糖杏仁露,0,1,7,,2016-08-08 11:11:39,,,,0,,,caipu/404004.jpg,1210
2259,1926,306,609969,,,香辣腐乳炒虾,0,1,56,,2016-08-08 11:33:59,,,,0,,,caipu/101004.jpg,1227
2260,1928,306,609940,,,清蒸蝶鱼,0,1,56,,2016-08-08 11:34:06,,,,0,,,caipu/103001.jpg,1227
2261,1930,306,609930,,,豌豆薯仔猪骨汤,0,1,39,,2016-08-08 11:35:54,,,,0,,,caipu/203001.jpg,1227
2262,1932,306,609950,,,大蒜苋菜,0,1,30,,2016-08-08 11:38:51,,,,0,,,caipu/303001.jpg,1227
2263,1933,306,610017,,,酸辣藕丁,0,1,33,,2016-08-08 11:45:58,,,,0,,,caipu/302006.jpg,1227
2264,1934,306,610010,,,白饭/小碗,0,4,1,,2016-08-08 11:47:22,,,,0,,,caipu/601004.jpg,1227
2265,3084,430,609979,,,鲜美鳝鱼,0,1,55,,2016-08-08 12:27:26,,,,0,,,caipu/106004.jpg,1465
2266,3087,430,610038,,,芝麻烤紫菜,0,1,25,,2016-08-08 12:27:57,,,,0,,,caipu/105002.jpg,1465
2267,3092,430,609960,,,白胡椒胡萝卜羊肉汤,0,1,35,,2016-08-08 12:28:13,,,,0,,,caipu/202006.jpg,1465
2268,3090,430,609959,,,"小炒羊腰


",0,1,36,,2016-08-08 12:28:18,,,,0,,,caipu/202005.jpg,1465
2269,3089,430,609952,,,美妙绝伦之白莲花,0,1,29,,2016-08-08 12:28:19,,,,0,,,caipu/303003.jpg,1465
2270,3096,430,610027,,,清炒菊花菜,0,1,30,,2016-08-08 12:29:17,,,,0,,,caipu/304001.jpg,1465
2271,3097,430,609946,,,谷稻小庄 ,0,1,38,,2016-08-08 12:29:43,,,,0,,,caipu/404002.jpg,1465
2272,3098,430,610011,,,白饭/大碗,0,1,10,,2016-08-08 12:30:11,,,,0,,,caipu/601005.jpg,1465
2273,3103,430,610002,,,老式面包,0,1,19,,2016-08-08 12:30:16,,,,0,,,caipu/503001.jpg,1465
2274,3107,430,609940,,,清蒸蝶鱼,0,1,56,,2016-08-08 12:31:07,,,,0,,,caipu/103001.jpg,1465
2275,3110,430,610050,,,番茄甘蓝,0,1,33,,2016-08-08 12:31:16,,,,0,,,caipu/301004.jpg,1465
2276,3113,430,610047,,,西瓜胡萝卜沙拉,0,1,26,,2016-08-08 12:31:42,,,,0,,,caipu/301001.jpg,1465
2277,3114,430,609938,,,小米南瓜粥,0,1,13,,2016-08-08 12:32:46,,,,0,,,caipu/602004.jpg,1465
2278,2825,407,609966,,,芝士烩波士顿龙虾,0,1,175,,2016-08-08 13:53:45,,,,0,,,caipu/101001.jpg,1595
2279,2831,407,609940,,,清蒸蝶鱼,0,1,56,,2016-08-08 13:56:26,,,,0,,,caipu/103001.jpg,1595
2280,2827,407,609933,,,自制猪肉脯,0,1,48,,2016-08-08 13:56:49,,,,0,,,caipu/203004.jpg,1595
2281,1955,312,609960,,,白胡椒胡萝卜羊肉汤,0,1,35,,2016-08-08 13:58:49,,,,0,,,caipu/202006.jpg,1251
2282,2834,407,609945,,,农夫山泉NFC果汁100%橙汁,0,1,6,,2016-08-08 13:59:41,,,,0,,,caipu/404001.jpg,1595
2283,1959,312,609985,,,三色凉拌手撕兔,0,1,66,,2016-08-08 14:00:24,,,,0,,,caipu/205005.jpg,1251
2284,2836,407,609947,,, 北冰洋汽水 ,0,1,5,,2016-08-08 14:00:47,,,,0,,,caipu/404003.jpg,1595
2285,2842,407,609952,,,美妙绝伦之白莲花,0,1,29,,2016-08-08 14:01:06,,,,0,,,caipu/303003.jpg,1595
2286,2845,407,610005,,,牛奶卷,0,1,17,,2016-08-08 14:01:08,,,,0,,,caipu/503004.jpg,1595
2287,2839,407,609931,,,焖猪手,0,1,58,,2016-08-08 14:01:54,,,,0,,,caipu/203002.jpg,1595
2288,1960,312,609994,,,"独家薄荷鲜虾牛肉卷
",0,1,45,,2016-08-08 14:02:39,,,,0,,,caipu/201004.jpg,1251
2289,2846,407,610000,,,酸辣汤面,0,1,16,,2016-08-08 14:03:47,,,,0,,,caipu/603004.jpg,1595
2290,1964,312,610030,,,番茄有机花菜,0,1,32,,2016-08-08 14:05:12,,,,0,,,caipu/304004.jpg,1251
2291,1962,312,610051,,,凉拌萝卜丝,0,1,20,,2016-08-08 14:05:27,,,,0,,,caipu/301005.jpg,1251
2292,2849,407,610070,,,52度泸州老窖 ,0,1,159,,2016-08-08 14:06:42,,,,0,,,caipu/401003.jpg,1595
2293,1970,312,610011,,,白饭/大碗,0,1,10,,2016-08-08 14:08:10,,,,0,,,caipu/601005.jpg,1251
2294,2852,407,609993,,,百里香奶油烤红酒牛肉,0,1,178,,2016-08-08 14:09:03,,,,0,,,caipu/111.jpg,1595
2295,1977,312,609941,,,清蒸海鱼,0,1,78,,2016-08-08 14:09:21,,,,0,,,caipu/103002.jpg,1251
2296,3670,481,609995,,,"党参黄芪炖牛尾


",0,1,35,,2016-08-08 18:08:46,,,,0,,,caipu/201005.jpg,1195
2297,3671,481,609994,,,"独家薄荷鲜虾牛肉卷


",0,1,45,,2016-08-08 18:10:31,,,,0,,,caipu/201004.jpg,1195
2298,3672,481,610047,,,西瓜胡萝卜沙拉,0,1,26,,2016-08-08 18:10:42,,,,0,,,caipu/301001.jpg,1195
2299,3673,481,610014,,,金玉良缘,0,1,30,,2016-08-08 18:11:29,,,,0,,,caipu/302003.jpg,1195
2300,3675,481,610053,,,蛋挞,0,1,8,,2016-08-08 18:12:09,,,,0,,,caipu/501002.jpg,1195
2301,3676,481,610011,,,白饭/大碗,0,1,10,,2016-08-08 18:13:18,,,,0,,,caipu/601005.jpg,1195
2302,3560,469,609994,,,"独家薄荷鲜虾牛肉卷


",0,1,45,,2016-08-08 18:17:01,,,,0,,,caipu/201004.jpg,1111
2303,3678,481,609946,,,谷稻小庄 ,0,1,38,,2016-08-08 18:17:28,,,,0,,,caipu/404002.jpg,1195
2304,3562,469,609933,,,自制猪肉脯,0,1,48,,2016-08-08 18:18:47,,,,0,,,caipu/203004.jpg,1111
2305,3564,469,609944,,,水煮鱼,0,1,65,,2016-08-08 18:19:09,,,,0,,,caipu/103005.jpg,1111
2306,3686,481,610018,,,"照烧鸡腿


",0,1,16,,2016-08-08 18:19:31,,,,0,,,caipu/204001.jpg,1195
2307,3576,469,610042,,,五彩豆,0,1,29,,2016-08-08 18:20:02,,,,0,,,caipu/305001.jpg,1111
2308,3569,469,610031,,,糖醋蕃茄溜青花,0,1,33,,2016-08-08 18:20:43,,,,0,,,caipu/304005.jpg,1111
2309,3573,469,610045,,,冬瓜炒苦瓜,0,1,29,,2016-08-08 18:20:48,,,,0,,,caipu/305004.jpg,1111
2310,3581,469,609992,,,"番茄炖牛腩


",0,1,35,,2016-08-08 18:20:48,,,,0,,,caipu/201002.jpg,1111
2311,3582,469,610008,,,五色糯米饭(七色),0,1,35,,2016-08-08 18:21:21,,,,0,,,caipu/601002.jpg,1111
2312,3584,469,609941,,,清蒸海鱼,0,1,78,,2016-08-08 18:21:53,,,,0,,,caipu/103002.jpg,1111
2313,3976,512,609968,,,油焖麻辣虾,0,1,65,,2016-08-08 19:14:37,,,,0,,,caipu/101003.jpg,1122
2314,3977,512,609933,,,自制猪肉脯,0,1,48,,2016-08-08 19:18:07,,,,0,,,caipu/203004.jpg,1122
2315,3978,512,609937,,,冰糖红豆薏米粥,0,1,15,,2016-08-08 19:18:28,,,,0,,,caipu/602003.jpg,1122
2316,3980,512,609943,,,剁椒鱼头,0,1,55,,2016-08-08 19:19:07,,,,0,,,caipu/103004.jpg,1122
2317,3981,512,609946,,,谷稻小庄 ,0,1,38,,2016-08-08 19:21:30,,,,0,,,caipu/404002.jpg,1122
2318,4531,571,609965,,,葱姜炒蟹,0,1,109,,2016-08-08 19:25:57,,,,0,,,caipu/102005.jpg,1170
2319,3983,512,609972,,,核桃葡萄干土司,0,1,19,,2016-08-08 19:26:35,,,,0,,,caipu/502002.jpg,1122
2320,3982,512,609954,,,凉拌蒜蓉西兰花,0,1,29,,2016-08-08 19:26:43,,,,0,,,caipu/304001.jpg,1122
2321,4537,571,609980,,,三丝鳝鱼,0,1,55,,2016-08-08 19:27:10,,,,0,,,caipu/106005.jpg,1170
2322,3984,512,609985,,,三色凉拌手撕兔,0,1,66,,2016-08-08 19:28:01,,,,0,,,caipu/205005.jpg,1122
2323,3985,512,610009,,,黑米恋上葡萄,0,1,33,,2016-08-08 19:28:59,,,,0,,,caipu/601003.jpg,1122
2324,4541,571,609950,,,大蒜苋菜,0,1,30,,2016-08-08 19:29:56,,,,0,,,caipu/303001.jpg,1170
2325,4545,571,609930,,,豌豆薯仔猪骨汤,0,1,39,,2016-08-08 19:31:16,,,,0,,,caipu/203001.jpg,1170
2326,4555,571,610011,,,白饭/大碗,0,1,10,,2016-08-08 19:35:42,,,,0,,,caipu/601005.jpg,1170
2327,4222,540,609940,,,清蒸蝶鱼,0,1,56,,2016-08-08 19:53:41,,,,0,,,caipu/103001.jpg,1127
2328,4224,540,609945,,,农夫山泉NFC果汁100%橙汁,0,1,6,,2016-08-08 19:55:01,,,,0,,,caipu/404001.jpg,1127
2329,4223,540,610028,,,培根花菜,0,1,35,,2016-08-08 19:55:39,,,,0,,,caipu/304002.jpg,1127
2330,4225,540,609954,,,凉拌蒜蓉西兰花,0,1,29,,2016-08-08 19:58:17,,,,0,,,caipu/304001.jpg,1127
2331,4226,540,609948,,,露露无糖杏仁露,0,1,7,,2016-08-08 19:58:35,,,,0,,,caipu/404004.jpg,1127
2332,4227,540,610011,,,白饭/大碗,0,1,10,,2016-08-08 19:59:03,,,,0,,,caipu/601005.jpg,1127
2333,5111,620,609942,,,辣炒鱿鱼,0,1,58,,2016-08-08 20:03:03,,,,0,,,caipu/103003.jpg,1091
2334,5113,620,609941,,,清蒸海鱼,0,1,78,,2016-08-08 20:03:30,,,,0,,,caipu/103002.jpg,1091
2335,5116,620,609959,,,"小炒羊腰


",0,1,36,,2016-08-08 20:04:06,,,,0,,,caipu/202005.jpg,1091
2336,5119,620,609993,,,百里香奶油烤红酒牛肉,0,1,178,,2016-08-08 20:04:14,,,,0,,,caipu/111.jpg,1091
2337,5120,620,610049,,,爆炒双丝,0,1,35,,2016-08-08 20:04:34,,,,0,,,caipu/301003.jpg,1091
2338,3605,473,609970,,,麻辣小龙虾,0,1,99,,2016-08-08 20:04:35,,,,0,,,caipu/101006.jpg,1254
2339,5122,620,610034,,,法国波尔多AOC干红葡萄酒原,0,1,159,,2016-08-08 20:05:19,,,,0,,,caipu/402003.jpg,1091
2340,5121,620,610016,,,五彩藕苗,0,1,35,,2016-08-08 20:05:22,,,,0,,,caipu/302005.jpg,1091
2341,5211,628,609970,,,麻辣小龙虾,0,1,99,,2016-08-08 20:05:56,,,,0,,,caipu/101006.jpg,1602
2342,5212,628,609937,,,冰糖红豆薏米粥,0,1,15,,2016-08-08 20:06:05,,,,0,,,caipu/602003.jpg,1602
2343,5213,628,609938,,,小米南瓜粥,0,1,13,,2016-08-08 20:06:38,,,,0,,,caipu/602004.jpg,1602
2344,5215,628,609981,,,桂圆枸杞鸽子汤,0,1,48,,2016-08-08 20:07:08,,,,0,,,caipu/205001.jpg,1602
2345,5214,628,609947,,, 北冰洋汽水 ,0,1,5,,2016-08-08 20:07:33,,,,0,,,caipu/404003.jpg,1602
2346,5217,628,609953,,,凉拌菠菜,0,1,27,,2016-08-08 20:08:03,,,,0,,,caipu/303004.jpg,1602
2347,5216,628,609976,,,芹黄鳝丝,0,1,58,,2016-08-08 20:08:18,,,,0,,,caipu/106001.jpg,1602
2348,5218,628,610007,,,桂圆肉红豆八宝饭,0,1,39,,2016-08-08 20:08:34,,,,0,,,caipu/601001.jpg,1602
2349,5123,620,610056,,,纸杯蛋糕,0,1,8,,2016-08-08 20:08:46,,,,0,,,caipu/501005.jpg,1091
2350,5124,620,610008,,,五色糯米饭(七色),0,1,35,,2016-08-08 20:09:09,,,,0,,,caipu/601002.jpg,1091
2351,5220,628,610031,,,糖醋蕃茄溜青花,0,1,33,,2016-08-08 20:09:35,,,,0,,,caipu/304005.jpg,1602
2352,5224,628,609936,,,皮蛋瘦肉粥,0,1,16,,2016-08-08 20:10:13,,,,0,,,caipu/602002.jpg,1602
2353,5231,628,609944,,,水煮鱼,0,1,65,,2016-08-08 20:11:10,,,,0,,,caipu/103005.jpg,1602
2354,5233,628,609973,,,紫薯面包卷,0,1,20,,2016-08-08 20:11:25,,,,0,,,caipu/502003.jpg,1602
2355,5234,628,610002,,,老式面包,0,1,19,,2016-08-08 20:11:49,,,,0,,,caipu/503001.jpg,1602
2356,5125,620,609938,,,小米南瓜粥,0,1,13,,2016-08-08 20:12:06,,,,0,,,caipu/602004.jpg,1091
2357,5238,628,610061,,,牛肉鸡蛋肠粉,0,1,20,,2016-08-08 20:12:16,,,,0,,,caipu/604005.jpg,1602
2358,5236,628,609998,,,清爽拌凉面,0,1,15,,2016-08-08 20:12:48,,,,0,,,caipu/603002.jpg,1602
2359,5239,628,610058,,,超人气广式肠粉,0,1,18,,2016-08-08 20:12:49,,,,0,,,caipu/604002.jpg,1602
2360,3609,473,609957,,,"蒙古烤羊腿


",0,1,48,,2016-08-08 20:13:27,,,,0,,,caipu/202003.jpg,1254
2361,5241,628,610070,,,52度泸州老窖 ,0,1,159,,2016-08-08 20:14:06,,,,0,,,caipu/401003.jpg,1602
2362,5127,620,610053,,,蛋挞,0,1,8,,2016-08-08 20:14:36,,,,0,,,caipu/501002.jpg,1091
2363,5126,620,609936,,,皮蛋瘦肉粥,0,1,16,,2016-08-08 20:14:49,,,,0,,,caipu/602002.jpg,1091
2364,5243,628,609955,,,红酒炖羊肉,0,1,108,,2016-08-08 20:15:41,,,,0,,,caipu/202001.jpg,1602
2365,3612,473,609977,,,快炒黄鳝,0,1,50,,2016-08-08 20:16:18,,,,0,,,caipu/106002.jpg,1254
2366,3619,473,610010,,,白饭/小碗,0,3,1,,2016-08-08 20:16:18,,,,0,,,caipu/601004.jpg,1254
2367,3616,473,609947,,, 北冰洋汽水 ,0,3,5,,2016-08-08 20:16:35,,,,0,,,caipu/404003.jpg,1254
2368,5244,628,610047,,,西瓜胡萝卜沙拉,0,1,26,,2016-08-08 20:17:17,,,,0,,,caipu/301001.jpg,1602
2369,5245,628,610012,,,香菇鹌鹑蛋,0,1,39,,2016-08-08 20:17:25,,,,0,,,caipu/302001.jpg,1602
2370,3622,473,609971,,,大理石奶油蛋糕,0,3,13,,2016-08-08 20:18:49,,,,0,,,caipu/502001.jpg,1254
2371,3634,473,609944,,,水煮鱼,0,1,65,,2016-08-08 20:19:11,,,,0,,,caipu/103005.jpg,1254
2372,5547,663,610040,,,海带结豆腐汤,0,1,30,,2016-08-08 20:21:07,,,,0,,,caipu/105004.jpg,1320
2373,5560,663,609942,,,辣炒鱿鱼,0,1,58,,2016-08-08 20:21:23,,,,0,,,caipu/103003.jpg,1320
2374,5545,663,610066,,,辣炒田螺,0,1,35,,2016-08-08 20:21:44,,,,0,,,caipu/104005.jpg,1320
2375,5554,663,609944,,,水煮鱼,0,1,65,,2016-08-08 20:21:48,,,,0,,,caipu/103005.jpg,1320
2376,5567,663,609992,,,"番茄炖牛腩


",0,1,35,,2016-08-08 20:22:13,,,,0,,,caipu/201002.jpg,1320
2377,5573,663,609996,,,牛尾汤,0,1,40,,2016-08-08 20:22:48,,,,0,,,caipu/201006.jpg,1320
2378,5577,663,609994,,,"独家薄荷鲜虾牛肉卷


",0,1,45,,2016-08-08 20:23:14,,,,0,,,caipu/201004.jpg,1320
2379,5584,663,609933,,,自制猪肉脯,0,1,48,,2016-08-08 20:23:25,,,,0,,,caipu/203004.jpg,1320
2380,5592,663,609982,,,"五香酱驴肉


",0,1,52,,2016-08-08 20:24:22,,,,0,,,caipu/205002.jpg,1320
2381,5589,663,610019,,,白斩鸡,0,1,88,,2016-08-08 20:24:36,,,,0,,,caipu/204002.jpg,1320
2382,5595,663,610030,,,番茄有机花菜,0,1,32,,2016-08-08 20:25:09,,,,0,,,caipu/304004.jpg,1320
2383,5601,663,610008,,,五色糯米饭(七色),0,1,35,,2016-08-08 20:25:39,,,,0,,,caipu/601002.jpg,1320
2384,5596,663,609952,,,美妙绝伦之白莲花,0,1,29,,2016-08-08 20:25:47,,,,0,,,caipu/303003.jpg,1320
2385,5603,663,610014,,,金玉良缘,0,1,30,,2016-08-08 20:26:11,,,,0,,,caipu/302003.jpg,1320
2386,5606,663,609946,,,谷稻小庄 ,0,1,38,,2016-08-08 20:27:40,,,,0,,,caipu/404002.jpg,1320
2387,5609,663,609973,,,紫薯面包卷,0,1,20,,2016-08-08 20:27:49,,,,0,,,caipu/502003.jpg,1320
2388,5622,663,609969,,,香辣腐乳炒虾,0,1,56,,2016-08-08 20:27:57,,,,0,,,caipu/101004.jpg,1320
2389,5625,663,609936,,,皮蛋瘦肉粥,0,1,16,,2016-08-08 20:28:13,,,,0,,,caipu/602002.jpg,1320
2390,5624,663,609937,,,冰糖红豆薏米粥,0,1,15,,2016-08-08 20:28:45,,,,0,,,caipu/602003.jpg,1320
2391,5627,663,609939,,,香菇鸡肉粥,0,1,15,,2016-08-08 20:29:51,,,,0,,,caipu/602005.jpg,1320
2392,3887,504,609933,,,自制猪肉脯,0,1,48,,2016-08-08 21:03:30,,,,0,,,caipu/203004.jpg,1125
2393,3886,504,609966,,,芝士烩波士顿龙虾,0,1,175,,2016-08-08 21:03:37,,,,0,,,caipu/101001.jpg,1125
2394,3889,504,609941,,,清蒸海鱼,0,1,78,,2016-08-08 21:04:27,,,,0,,,caipu/103002.jpg,1125
2395,3888,504,609934,,,芹菜炒腰花,0,1,18,,2016-08-08 21:04:38,,,,0,,,caipu/203005.jpg,1125
2396,3890,504,609931,,,焖猪手,0,1,58,,2016-08-08 21:07:39,,,,0,,,caipu/203002.jpg,1125
2397,3892,504,609932,,,爆炒猪肝,0,1,68,,2016-08-08 21:07:45,,,,0,,,caipu/203003.jpg,1125
2398,3894,504,609938,,,小米南瓜粥,0,1,13,,2016-08-08 21:09:39,,,,0,,,caipu/602004.jpg,1125
2399,3896,504,609939,,,香菇鸡肉粥,0,1,15,,2016-08-08 21:12:57,,,,0,,,caipu/602005.jpg,1125
2400,3900,504,609946,,,谷稻小庄 ,0,1,38,,2016-08-08 21:13:42,,,,0,,,caipu/404002.jpg,1125
2401,3905,504,610056,,,纸杯蛋糕,0,1,8,,2016-08-08 21:16:09,,,,0,,,caipu/501005.jpg,1125
2402,3901,504,609943,,,剁椒鱼头,0,1,55,,2016-08-08 21:16:16,,,,0,,,caipu/103004.jpg,1125
2403,3904,504,610035,,,黄尾袋鼠西拉子红葡萄酒,0,1,46,,2016-08-08 21:16:33,,,,0,,,caipu/402004.jpg,1125
2404,3903,504,609996,,,牛尾汤,0,1,40,,2016-08-08 21:16:53,,,,0,,,caipu/201006.jpg,1125
2405,3907,504,610007,,,桂圆肉红豆八宝饭,0,1,39,,2016-08-08 21:17:20,,,,0,,,caipu/601001.jpg,1125
2406,4021,516,609951,,,炝炒大白菜,0,1,29,,2016-08-08 21:48:59,,,,0,,,caipu/303002.jpg,1177
2407,4022,516,609932,,,爆炒猪肝,0,1,68,,2016-08-08 21:49:43,,,,0,,,caipu/203003.jpg,1177
2408,4023,516,609954,,,凉拌蒜蓉西兰花,0,1,29,,2016-08-08 21:51:10,,,,0,,,caipu/304001.jpg,1177
2409,4024,516,610010,,,白饭/小碗,0,2,1,,2016-08-08 22:01:47,,,,0,,,caipu/601004.jpg,1177
2410,4026,516,609947,,, 北冰洋汽水 ,0,2,5,,2016-08-08 22:04:23,,,,0,,,caipu/404003.jpg,1177
2411,2844,408,609966,,,芝士烩波士顿龙虾,0,1,175,,2016-08-09 11:07:48,,,,0,,,caipu/101001.jpg,1608
2412,2848,408,609962,,,倒立蒸梭子蟹,0,1,169,,2016-08-09 11:08:20,,,,0,,,caipu/102002.jpg,1608
2413,2847,408,609970,,,麻辣小龙虾,0,1,99,,2016-08-09 11:08:47,,,,0,,,caipu/101006.jpg,1608
2414,2851,408,609941,,,清蒸海鱼,0,1,78,,2016-08-09 11:09:17,,,,0,,,caipu/103002.jpg,1608
2415,2856,408,610065,,,辣炒花蛤,0,1,35,,2016-08-09 11:10:23,,,,0,,,caipu/104004.jpg,1608
2416,2859,408,610037,,,辣炒海带丝,0,1,19,,2016-08-09 11:10:36,,,,0,,,caipu/105001.jpg,1608
2417,2860,408,609993,,,百里香奶油烤红酒牛肉,0,1,178,,2016-08-09 11:11:41,,,,0,,,caipu/111.jpg,1608
2418,2862,408,609955,,,红酒炖羊肉,0,1,108,,2016-08-09 11:11:46,,,,0,,,caipu/202001.jpg,1608
2419,2864,408,610015,,,葱油凉拌藕片,0,1,30,,2016-08-09 11:12:59,,,,0,,,caipu/302004.jpg,1608
2420,2866,408,609950,,,大蒜苋菜,0,1,30,,2016-08-09 11:13:34,,,,0,,,caipu/303001.jpg,1608
2421,2869,408,610005,,,牛奶卷,0,1,17,,2016-08-09 11:14:48,,,,0,,,caipu/503004.jpg,1608
2422,2874,408,610069,,,50度古井贡酒,0,1,90,,2016-08-09 11:15:12,,,,0,,,caipu/401002.jpg,1608
2423,2876,408,610007,,,桂圆肉红豆八宝饭,0,1,39,,2016-08-09 11:16:28,,,,0,,,caipu/601001.jpg,1608
2424,2880,408,610035,,,黄尾袋鼠西拉子红葡萄酒,0,1,46,,2016-08-09 11:16:29,,,,0,,,caipu/402004.jpg,1608
2425,2882,408,610008,,,五色糯米饭(七色),0,1,35,,2016-08-09 11:17:12,,,,0,,,caipu/601002.jpg,1608
2426,2227,338,610048,,,拌土豆丝,0,1,25,,2016-08-09 11:18:41,,,,0,,,caipu/301002.jpg,982
2427,2228,338,609931,,,焖猪手,0,1,58,,2016-08-09 11:20:24,,,,0,,,caipu/203002.jpg,982
2428,2229,338,609992,,,"番茄炖牛腩
",0,1,35,,2016-08-09 11:22:31,,,,0,,,caipu/201002.jpg,982
2429,2230,338,610028,,,培根花菜,0,1,35,,2016-08-09 11:23:07,,,,0,,,caipu/304002.jpg,982
2430,2231,338,609946,,,谷稻小庄 ,0,1,38,,2016-08-09 11:25:36,,,,0,,,caipu/404002.jpg,982
2431,2232,338,610011,,,白饭/大碗,0,1,10,,2016-08-09 11:27:04,,,,0,,,caipu/601005.jpg,982
2432,1805,285,609931,,,焖猪手,0,1,58,,2016-08-09 12:20:06,,,,0,,,caipu/203002.jpg,1087
2433,1806,285,610020,,,"泡椒凤爪
",0,1,58,,2016-08-09 12:22:34,,,,0,,,caipu/204003.jpg,1087
2434,1807,285,609951,,,炝炒大白菜,0,1,29,,2016-08-09 12:23:51,,,,0,,,caipu/303002.jpg,1087
2435,1808,285,610010,,,白饭/小碗,0,2,1,,2016-08-09 12:24:54,,,,0,,,caipu/601004.jpg,1087
2436,852,165,609966,,,芝士烩波士顿龙虾,0,2,175,,2016-08-09 12:47:08,,,,0,,,caipu/101001.jpg,1097
2437,853,165,609941,,,清蒸海鱼,0,1,78,,2016-08-09 12:47:17,,,,0,,,caipu/103002.jpg,1097
2438,858,165,609707,,,百里香奶油烤紅酒牛肉,0,1,178,,2016-08-09 12:47:36,,,,0,,,caipu/201001.jpg,1097
2439,854,165,609942,,,辣炒鱿鱼,0,1,58,,2016-08-09 12:47:58,,,,0,,,caipu/103003.jpg,1097
2440,859,165,609932,,,爆炒猪肝,0,1,68,,2016-08-09 12:48:36,,,,0,,,caipu/203003.jpg,1097
2441,860,165,610023,,,啤酒鸭,0,1,48,,2016-08-09 12:49:15,,,,0,,,caipu/204006.jpg,1097
2442,861,165,609983,,,干锅田鸡,0,1,88,,2016-08-09 12:50:24,,,,0,,,caipu/205003.jpg,1097
2443,862,165,610025,,,番茄蛋汤,0,1,25,,2016-08-09 12:52:41,,,,0,,,caipu/204008.jpg,1097
2444,863,165,610029,,,黄花菜炒木耳,0,1,35,,2016-08-09 12:54:18,,,,0,,,caipu/304003.jpg,1097
2445,864,165,610047,,,西瓜胡萝卜沙拉,0,1,26,,2016-08-09 12:54:29,,,,0,,,caipu/301001.jpg,1097
2446,865,165,610051,,,凉拌萝卜丝,0,1,20,,2016-08-09 12:55:15,,,,0,,,caipu/301005.jpg,1097
2447,867,165,610068,,,38度剑南春 ,0,1,80,,2016-08-09 12:55:18,,,,0,,,caipu/401001.jpg,1097
2448,868,165,609987,,,蓝带啤酒罐装,0,2,9,,2016-08-09 12:56:24,,,,0,,,caipu/403002.jpg,1097
2449,869,165,610002,,,老式面包,0,1,19,,2016-08-09 12:56:29,,,,0,,,caipu/503001.jpg,1097
2450,871,165,609975,,,一品香酥藕,0,1,10,,2016-08-09 12:57:08,,,,0,,,caipu/502005.jpg,1097
2451,870,165,610005,,,牛奶卷,0,1,17,,2016-08-09 12:57:56,,,,0,,,caipu/503004.jpg,1097
2452,873,165,610011,,,白饭/大碗,0,2,10,,2016-08-09 12:58:17,,,,0,,,caipu/601005.jpg,1097
2453,872,165,610055,,,葡萄奶酥(超酥香的饼干),0,1,9,,2016-08-09 12:58:30,,,,0,,,caipu/501004.jpg,1097
2454,1465,242,609944,,,水煮鱼,0,1,65,,2016-08-09 13:26:52,,,,0,,,caipu/103005.jpg,991
2455,1500,242,610028,,,培根花菜,0,1,35,,2016-08-09 13:29:06,,,,0,,,caipu/304002.jpg,991
2456,1480,242,609953,,,凉拌菠菜,0,1,27,,2016-08-09 13:29:10,,,,0,,,caipu/303004.jpg,991
2457,1479,242,609931,,,焖猪手,0,1,58,,2016-08-09 13:29:20,,,,0,,,caipu/203002.jpg,991
2458,1526,242,610010,,,白饭/小碗,0,3,1,,2016-08-09 13:29:38,,,,0,,,caipu/601004.jpg,991
2459,1533,242,609987,,,蓝带啤酒罐装,0,4,9,,2016-08-09 13:30:18,,,,0,,,caipu/403002.jpg,991
2460,6528,751,609967,,,香酥两吃大虾,0,1,89,,2016-08-09 17:38:51,,,,0,,,caipu/101002.jpg,1228
2461,6530,751,610010,,,白饭/小碗,0,6,1,,2016-08-09 17:41:25,,,,0,,,caipu/601004.jpg,1228
2462,6531,751,609933,,,自制猪肉脯,0,1,48,,2016-08-09 17:41:48,,,,0,,,caipu/203004.jpg,1228
2463,6529,751,609931,,,焖猪手,0,1,58,,2016-08-09 17:41:55,,,,0,,,caipu/203002.jpg,1228
2464,6532,751,609934,,,芹菜炒腰花,0,1,18,,2016-08-09 17:44:16,,,,0,,,caipu/203005.jpg,1228
2465,6533,751,609942,,,辣炒鱿鱼,0,1,58,,2016-08-09 17:45:39,,,,0,,,caipu/103003.jpg,1228
2466,6535,751,609946,,,谷稻小庄 ,0,1,38,,2016-08-09 17:46:24,,,,0,,,caipu/404002.jpg,1228
2467,6534,751,609944,,,水煮鱼,0,1,65,,2016-08-09 17:46:46,,,,0,,,caipu/103005.jpg,1228
2468,6536,751,609953,,,凉拌菠菜,0,1,27,,2016-08-09 17:49:55,,,,0,,,caipu/303004.jpg,1228
2469,5274,635,609991,,,"香烤牛排


",0,1,55,,2016-08-09 18:00:03,,,,0,,,caipu/201001.jpg,1184
2470,5273,635,609964,,,避风塘炒蟹,0,1,48,,2016-08-09 18:00:14,,,,0,,,caipu/102004.jpg,1184
2471,4164,534,609964,,,避风塘炒蟹,0,1,48,,2016-08-09 18:00:30,,,,0,,,caipu/102004.jpg,1132
2472,5275,635,610016,,,五彩藕苗,0,1,35,,2016-08-09 18:01:14,,,,0,,,caipu/302005.jpg,1184
2473,4165,534,610049,,,爆炒双丝,0,1,35,,2016-08-09 18:03:07,,,,0,,,caipu/301003.jpg,1132
2474,5276,635,610027,,,清炒菊花菜,0,1,30,,2016-08-09 18:03:23,,,,0,,,caipu/304001.jpg,1184
2475,4166,534,610062,,,蒜蓉生蚝,0,1,49,,2016-08-09 18:03:30,,,,0,,,caipu/104001.jpg,1132
2476,4167,534,609998,,,清爽拌凉面,0,1,15,,2016-08-09 18:03:36,,,,0,,,caipu/603002.jpg,1132
2477,4168,534,609958,,,"香辣爆羊肝


",0,1,28,,2016-08-09 18:05:10,,,,0,,,caipu/202004.jpg,1132
2478,4170,534,609992,,,"番茄炖牛腩


",0,1,35,,2016-08-09 18:05:23,,,,0,,,caipu/201002.jpg,1132
2479,4171,534,610009,,,黑米恋上葡萄,0,1,33,,2016-08-09 18:06:03,,,,0,,,caipu/601003.jpg,1132
2480,4173,534,610030,,,番茄有机花菜,0,1,32,,2016-08-09 18:07:50,,,,0,,,caipu/304004.jpg,1132
2481,4172,534,610016,,,五彩藕苗,0,1,35,,2016-08-09 18:07:51,,,,0,,,caipu/302005.jpg,1132
2482,5277,635,610043,,,肉丁茄子,0,1,39,,2016-08-09 18:08:41,,,,0,,,caipu/305002.jpg,1184
2483,4174,534,610035,,,黄尾袋鼠西拉子红葡萄酒,0,1,46,,2016-08-09 18:08:51,,,,0,,,caipu/402004.jpg,1132
2484,5278,635,609946,,,谷稻小庄 ,0,1,38,,2016-08-09 18:09:53,,,,0,,,caipu/404002.jpg,1184
2485,5279,635,610011,,,白饭/大碗,0,1,10,,2016-08-09 18:11:10,,,,0,,,caipu/601005.jpg,1184
2486,6496,748,609969,,,香辣腐乳炒虾,0,1,56,,2016-08-09 18:40:37,,,,0,,,caipu/101004.jpg,1137
2487,6497,748,609930,,,豌豆薯仔猪骨汤,0,1,39,,2016-08-09 18:41:59,,,,0,,,caipu/203001.jpg,1137
2488,6498,748,609931,,,焖猪手,0,1,58,,2016-08-09 18:49:17,,,,0,,,caipu/203002.jpg,1137
2489,6499,748,609932,,,爆炒猪肝,0,1,68,,2016-08-09 18:51:24,,,,0,,,caipu/203003.jpg,1137
2490,6500,748,609933,,,自制猪肉脯,0,1,48,,2016-08-09 18:51:56,,,,0,,,caipu/203004.jpg,1137
2491,6502,748,609944,,,水煮鱼,0,1,65,,2016-08-09 18:52:19,,,,0,,,caipu/103005.jpg,1137
2492,6501,748,609934,,,芹菜炒腰花,0,1,18,,2016-08-09 18:52:52,,,,0,,,caipu/203005.jpg,1137
2493,6504,748,609982,,,"五香酱驴肉


",0,1,52,,2016-08-09 18:53:27,,,,0,,,caipu/205002.jpg,1137
2494,6503,748,609953,,,凉拌菠菜,0,1,27,,2016-08-09 18:53:32,,,,0,,,caipu/303004.jpg,1137
2495,6505,748,610011,,,白饭/大碗,0,1,10,,2016-08-09 18:54:04,,,,0,,,caipu/601005.jpg,1137
2496,3614,478,609944,,,水煮鱼,0,1,65,,2016-08-09 20:05:14,,,,0,,,caipu/103005.jpg,1099
2497,3618,478,610017,,,酸辣藕丁,0,1,33,,2016-08-09 20:05:14,,,,0,,,caipu/302006.jpg,1099
2498,3607,478,609966,,,芝士烩波士顿龙虾,0,1,175,,2016-08-09 20:05:55,,,,0,,,caipu/101001.jpg,1099
2499,3619,478,609951,,,炝炒大白菜,0,1,29,,2016-08-09 20:06:04,,,,0,,,caipu/303002.jpg,1099
2500,3622,478,609931,,,焖猪手,0,1,58,,2016-08-09 20:06:21,,,,0,,,caipu/203002.jpg,1099
2501,3632,478,610010,,,白饭/小碗,0,7,1,,2016-08-09 20:07:01,,,,0,,,caipu/601004.jpg,1099
2502,3626,478,610023,,,啤酒鸭,0,1,48,,2016-08-09 20:07:39,,,,0,,,caipu/204006.jpg,1099
2503,3643,478,610015,,,葱油凉拌藕片,0,1,30,,2016-08-09 20:09:10,,,,0,,,caipu/302004.jpg,1099
2504,3646,478,609996,,,牛尾汤,0,1,40,,2016-08-09 20:10:17,,,,0,,,caipu/201006.jpg,1099
2505,4197,537,610063,,,蒜香辣花甲,0,1,45,,2016-08-09 20:33:21,,,,0,,,caipu/104002.jpg,1378
2506,4198,537,609933,,,自制猪肉脯,0,1,48,,2016-08-09 20:34:36,,,,0,,,caipu/203004.jpg,1378
2507,4199,537,609939,,,香菇鸡肉粥,0,1,15,,2016-08-09 20:35:57,,,,0,,,caipu/602005.jpg,1378
2508,4200,537,609951,,,炝炒大白菜,0,1,29,,2016-08-09 20:39:16,,,,0,,,caipu/303002.jpg,1378
2509,5474,656,609941,,,清蒸海鱼,0,1,78,,2016-08-09 20:41:07,,,,0,,,caipu/103002.jpg,1502
2510,4201,537,609958,,,"香辣爆羊肝


",0,1,28,,2016-08-09 20:42:59,,,,0,,,caipu/202004.jpg,1378
2511,2480,1011,609967,,,香酥两吃大虾,0,1,89,,2016-08-09 20:43:05,,,,0,,,caipu/101002.jpg,1255
2512,4202,537,609981,,,桂圆枸杞鸽子汤,0,1,48,,2016-08-09 20:43:09,,,,0,,,caipu/205001.jpg,1378
2513,4203,537,609994,,,"独家薄荷鲜虾牛肉卷


",0,1,45,,2016-08-09 20:43:35,,,,0,,,caipu/201004.jpg,1378
2514,4204,537,610017,,,酸辣藕丁,0,1,33,,2016-08-09 20:43:52,,,,0,,,caipu/302006.jpg,1378
2515,2486,1011,609935,,,山药养生粥,0,1,19,,2016-08-09 20:44:05,,,,0,,,caipu/602001.jpg,1255
2516,2483,1011,609966,,,芝士烩波士顿龙虾,0,1,175,,2016-08-09 20:44:42,,,,0,,,caipu/101001.jpg,1255
2517,5477,656,609994,,,"独家薄荷鲜虾牛肉卷


",0,1,45,,2016-08-09 20:45:08,,,,0,,,caipu/201004.jpg,1502
2518,2487,1011,609936,,,皮蛋瘦肉粥,0,1,16,,2016-08-09 20:45:13,,,,0,,,caipu/602002.jpg,1255
2519,4207,537,610035,,,黄尾袋鼠西拉子红葡萄酒,0,1,46,,2016-08-09 20:45:46,,,,0,,,caipu/402004.jpg,1378
2520,5483,656,609949,,,意文柠檬汁 ,0,1,13,,2016-08-09 20:45:46,,,,0,,,caipu/404005.jpg,1502
2521,5484,656,610058,,,超人气广式肠粉,0,1,18,,2016-08-09 20:45:56,,,,0,,,caipu/604002.jpg,1502
2522,4205,537,610031,,,糖醋蕃茄溜青花,0,1,33,,2016-08-09 20:45:59,,,,0,,,caipu/304005.jpg,1378
2523,2490,1011,610030,,,番茄有机花菜,0,1,32,,2016-08-09 20:46:34,,,,0,,,caipu/304004.jpg,1255
2524,2504,1011,609951,,,炝炒大白菜,0,1,29,,2016-08-09 20:47:16,,,,0,,,caipu/303002.jpg,1255
2525,2495,1011,610046,,,青炒扁豆,0,1,28,,2016-08-09 20:47:24,,,,0,,,caipu/305005.jpg,1255
2526,4208,537,610009,,,黑米恋上葡萄,0,1,33,,2016-08-09 20:47:33,,,,0,,,caipu/601003.jpg,1378
2527,5487,656,609999,,,鱼香肉丝拌面,0,1,18,,2016-08-09 20:48:42,,,,0,,,caipu/603003.jpg,1502
2528,5489,656,610015,,,葱油凉拌藕片,0,1,30,,2016-08-09 20:50:02,,,,0,,,caipu/302004.jpg,1502
2529,2520,1011,609943,,,剁椒鱼头,0,1,55,,2016-08-09 20:50:14,,,,0,,,caipu/103004.jpg,1255
2530,2533,1011,610071,,, 42度海之蓝,0,1,99,,2016-08-09 20:50:20,,,,0,,,caipu/401004.jpg,1255
2531,2539,1011,610008,,,五色糯米饭(七色),0,1,35,,2016-08-09 20:52:36,,,,0,,,caipu/601002.jpg,1255
2532,5088,618,609966,,,芝士烩波士顿龙虾,0,1,175,,2016-08-09 20:57:50,,,,0,,,caipu/101001.jpg,1123
2533,5090,618,609930,,,豌豆薯仔猪骨汤,0,1,39,,2016-08-09 20:58:59,,,,0,,,caipu/203001.jpg,1123
2534,5091,618,609944,,,水煮鱼,0,1,65,,2016-08-09 21:00:20,,,,0,,,caipu/103005.jpg,1123
2535,5092,618,609965,,,葱姜炒蟹,0,1,109,,2016-08-09 21:01:12,,,,0,,,caipu/102005.jpg,1123
2536,5093,618,609979,,,鲜美鳝鱼,0,1,55,,2016-08-09 21:04:08,,,,0,,,caipu/106004.jpg,1123
2537,5094,618,609983,,,干锅田鸡,0,1,88,,2016-08-09 21:04:45,,,,0,,,caipu/205003.jpg,1123
2538,5095,618,610007,,,桂圆肉红豆八宝饭,0,1,39,,2016-08-09 21:05:45,,,,0,,,caipu/601001.jpg,1123
2539,5096,618,610009,,,黑米恋上葡萄,0,1,33,,2016-08-09 21:06:48,,,,0,,,caipu/601003.jpg,1123
2540,5097,618,610023,,,啤酒鸭,0,1,48,,2016-08-09 21:09:16,,,,0,,,caipu/204006.jpg,1123
2541,5098,618,609932,,,爆炒猪肝,0,1,68,,2016-08-09 21:11:31,,,,0,,,caipu/203003.jpg,1123
2542,5099,618,610072,,,53度茅台,0,1,128,,2016-08-09 21:12:20,,,,0,,,caipu/401005.jpg,1123
2543,5103,618,609950,,,大蒜苋菜,0,1,30,,2016-08-09 21:15:33,,,,0,,,caipu/303001.jpg,1123
2544,6717,772,610037,,,辣炒海带丝,0,1,19,,2016-08-09 21:16:04,,,,0,,,caipu/105001.jpg,1112
2545,6720,772,610062,,,蒜蓉生蚝,0,1,49,,2016-08-09 21:19:53,,,,0,,,caipu/104001.jpg,1112
2546,6722,772,609949,,,意文柠檬汁 ,0,1,13,,2016-08-09 21:20:20,,,,0,,,caipu/404005.jpg,1112
2547,6723,772,610010,,,白饭/小碗,0,2,1,,2016-08-09 21:22:06,,,,0,,,caipu/601004.jpg,1112
2548,6725,772,609936,,,皮蛋瘦肉粥,0,1,16,,2016-08-09 21:22:47,,,,0,,,caipu/602002.jpg,1112
2549,6728,772,610027,,,清炒菊花菜,0,1,30,,2016-08-09 21:25:28,,,,0,,,caipu/304001.jpg,1112
2550,6590,759,609994,,,"独家薄荷鲜虾牛肉卷


",0,1,45,,2016-08-09 21:42:18,,,,0,,,caipu/201004.jpg,1159
2551,6588,759,609967,,,香酥两吃大虾,0,1,89,,2016-08-09 21:42:46,,,,0,,,caipu/101002.jpg,1159
2552,6591,759,610048,,,拌土豆丝,0,1,25,,2016-08-09 21:44:32,,,,0,,,caipu/301002.jpg,1159
2553,6592,759,610008,,,五色糯米饭(七色),0,1,35,,2016-08-09 21:44:56,,,,0,,,caipu/601002.jpg,1159
2554,6593,759,609968,,,油焖麻辣虾,0,1,65,,2016-08-09 21:45:21,,,,0,,,caipu/101003.jpg,1159
2555,6594,759,610019,,,白斩鸡,0,1,88,,2016-08-09 21:45:42,,,,0,,,caipu/204002.jpg,1159
2556,6595,759,609961,,,姜葱炒花蟹,0,1,45,,2016-08-09 21:46:24,,,,0,,,caipu/102001.jpg,1159
2557,2957,416,610019,,,白斩鸡,0,1,88,,2016-08-10 11:12:16,,,,0,,,caipu/204002.jpg,1117
2558,2959,416,609953,,,凉拌菠菜,0,1,27,,2016-08-10 11:12:35,,,,0,,,caipu/303004.jpg,1117
2559,2954,416,609944,,,水煮鱼,0,1,65,,2016-08-10 11:12:52,,,,0,,,caipu/103005.jpg,1117
2560,2955,416,609942,,,辣炒鱿鱼,0,1,58,,2016-08-10 11:12:58,,,,0,,,caipu/103003.jpg,1117
2561,2960,416,610047,,,西瓜胡萝卜沙拉,0,1,26,,2016-08-10 11:13:11,,,,0,,,caipu/301001.jpg,1117
2562,2963,416,610011,,,白饭/大碗,0,1,10,,2016-08-10 11:14:38,,,,0,,,caipu/601005.jpg,1117
2563,2962,416,610056,,,纸杯蛋糕,0,1,8,,2016-08-10 11:14:40,,,,0,,,caipu/501005.jpg,1117
2564,2964,416,609999,,,鱼香肉丝拌面,0,1,18,,2016-08-10 11:15:49,,,,0,,,caipu/603003.jpg,1117
2565,2967,416,609995,,,"党参黄芪炖牛尾


",0,1,35,,2016-08-10 11:16:25,,,,0,,,caipu/201005.jpg,1117
2566,2965,416,610001,,,土豆西红柿汤面,0,1,13,,2016-08-10 11:16:31,,,,0,,,caipu/603005.jpg,1117
2567,2969,416,609946,,,谷稻小庄 ,0,1,38,,2016-08-10 11:16:50,,,,0,,,caipu/404002.jpg,1117
2568,2970,416,610030,,,番茄有机花菜,0,1,32,,2016-08-10 11:17:50,,,,0,,,caipu/304004.jpg,1117
2569,3001,422,610022,,,杭椒鸡珍,0,1,58,,2016-08-10 11:19:10,,,,0,,,caipu/204005.jpg,1113
2570,3000,422,609944,,,水煮鱼,0,1,65,,2016-08-10 11:19:56,,,,0,,,caipu/103005.jpg,1113
2571,3002,422,609953,,,凉拌菠菜,0,1,27,,2016-08-10 11:21:29,,,,0,,,caipu/303004.jpg,1113
2572,3003,422,609974,,,南瓜枸杞小饼干,0,1,19,,2016-08-10 11:22:48,,,,0,,,caipu/502004.jpg,1113
2573,3008,422,610011,,,白饭/大碗,0,1,10,,2016-08-10 11:23:32,,,,0,,,caipu/601005.jpg,1113
2574,3007,422,609960,,,白胡椒胡萝卜羊肉汤,0,1,35,,2016-08-10 11:23:43,,,,0,,,caipu/202006.jpg,1113
2575,3011,422,610069,,,50度古井贡酒,0,1,90,,2016-08-10 11:29:10,,,,0,,,caipu/401002.jpg,1113
2576,1988,314,609968,,,油焖麻辣虾,0,1,65,,2016-08-10 11:58:52,,,,0,,,caipu/101003.jpg,1088
2577,1989,314,609944,,,水煮鱼,0,1,65,,2016-08-10 11:59:17,,,,0,,,caipu/103005.jpg,1088
2578,1993,314,610063,,,蒜香辣花甲,0,1,45,,2016-08-10 11:59:56,,,,0,,,caipu/104002.jpg,1088
2579,1998,314,609992,,,"番茄炖牛腩
",0,1,35,,2016-08-10 12:00:02,,,,0,,,caipu/201002.jpg,1088
2580,2002,314,610012,,,香菇鹌鹑蛋,0,1,39,,2016-08-10 12:00:22,,,,0,,,caipu/302001.jpg,1088
2581,1997,314,609991,,,"香烤牛排
",0,1,55,,2016-08-10 12:00:47,,,,0,,,caipu/201001.jpg,1088
2582,2003,314,610017,,,酸辣藕丁,0,1,33,,2016-08-10 12:00:47,,,,0,,,caipu/302006.jpg,1088
2583,1999,314,609995,,,"党参黄芪炖牛尾
",0,1,35,,2016-08-10 12:00:49,,,,0,,,caipu/201005.jpg,1088
2584,2006,314,610030,,,番茄有机花菜,0,1,32,,2016-08-10 12:01:36,,,,0,,,caipu/304004.jpg,1088
2585,2008,314,609949,,,意文柠檬汁 ,0,2,13,,2016-08-10 12:01:36,,,,0,,,caipu/404005.jpg,1088
2586,2010,314,609947,,, 北冰洋汽水 ,0,1,5,,2016-08-10 12:01:39,,,,0,,,caipu/404003.jpg,1088
2587,2011,314,609946,,,谷稻小庄 ,0,2,38,,2016-08-10 12:01:47,,,,0,,,caipu/404002.jpg,1088
2588,2023,314,609997,,,打卤面,0,1,26,,2016-08-10 12:02:01,,,,0,,,caipu/603001.jpg,1088
2589,2019,314,609998,,,清爽拌凉面,0,1,15,,2016-08-10 12:02:02,,,,0,,,caipu/603002.jpg,1088
2590,2013,314,609945,,,农夫山泉NFC果汁100%橙汁,0,1,6,,2016-08-10 12:02:09,,,,0,,,caipu/404001.jpg,1088
2591,2026,314,609937,,,冰糖红豆薏米粥,0,1,15,,2016-08-10 12:02:10,,,,0,,,caipu/602003.jpg,1088
2592,2018,314,610000,,,酸辣汤面,0,1,16,,2016-08-10 12:02:26,,,,0,,,caipu/603004.jpg,1088
2593,2016,314,610057,,,宝宝版牛肉肠粉,0,1,15,,2016-08-10 12:02:59,,,,0,,,caipu/604001.jpg,1088
2594,2030,314,610007,,,桂圆肉红豆八宝饭,0,1,39,,2016-08-10 12:03:25,,,,0,,,caipu/601001.jpg,1088
2595,2027,314,609936,,,皮蛋瘦肉粥,0,1,16,,2016-08-10 12:03:46,,,,0,,,caipu/602002.jpg,1088
2596,2032,314,610008,,,五色糯米饭(七色),0,1,35,,2016-08-10 12:03:52,,,,0,,,caipu/601002.jpg,1088
2597,3057,427,609970,,,麻辣小龙虾,0,1,99,,2016-08-10 12:11:18,,,,0,,,caipu/101006.jpg,1100
2598,3058,427,609942,,,辣炒鱿鱼,0,1,58,,2016-08-10 12:11:34,,,,0,,,caipu/103003.jpg,1100
2599,3060,427,609952,,,美妙绝伦之白莲花,0,1,29,,2016-08-10 12:12:46,,,,0,,,caipu/303003.jpg,1100
2600,3062,427,609956,,,孜然羊排,0,1,88,,2016-08-10 12:13:18,,,,0,,,caipu/202002.jpg,1100
2601,3066,427,609974,,,南瓜枸杞小饼干,0,1,19,,2016-08-10 12:15:38,,,,0,,,caipu/502004.jpg,1100
2602,3064,427,609968,,,油焖麻辣虾,0,1,65,,2016-08-10 12:15:55,,,,0,,,caipu/101003.jpg,1100
2603,3075,427,610034,,,法国波尔多AOC干红葡萄酒原,0,1,159,,2016-08-10 12:16:12,,,,0,,,caipu/402003.jpg,1100
2604,3072,427,610026,,,玉竹南北杏鸭腿汤,0,1,35,,2016-08-10 12:16:23,,,,0,,,caipu/204009.jpg,1100
2605,3076,427,610040,,,海带结豆腐汤,0,1,30,,2016-08-10 12:18:14,,,,0,,,caipu/105004.jpg,1100
2606,1848,294,610063,,,蒜香辣花甲,0,1,45,,2016-08-10 12:57:43,,,,0,,,caipu/104002.jpg,990
2607,1858,294,609959,,,"小炒羊腰
",0,1,36,,2016-08-10 13:08:37,,,,0,,,caipu/202005.jpg,990
2608,1859,294,610043,,,肉丁茄子,0,1,39,,2016-08-10 13:10:05,,,,0,,,caipu/305002.jpg,990
2609,1860,294,610048,,,拌土豆丝,0,1,25,,2016-08-10 13:11:37,,,,0,,,caipu/301002.jpg,990
2610,1861,294,610011,,,白饭/大碗,0,1,10,,2016-08-10 13:12:30,,,,0,,,caipu/601005.jpg,990
2611,2219,344,609970,,,麻辣小龙虾,0,1,99,,2016-08-10 13:18:15,,,,0,,,caipu/101006.jpg,1343
2612,2236,344,610031,,,糖醋蕃茄溜青花,0,1,33,,2016-08-10 13:22:04,,,,0,,,caipu/304005.jpg,1343
2613,2238,344,610010,,,白饭/小碗,0,2,1,,2016-08-10 13:30:16,,,,0,,,caipu/601004.jpg,1343
2614,3452,460,610021,,,爆炒鸡翅,0,1,56,,2016-08-10 17:33:29,,,,0,,,caipu/204004.jpg,1224
2615,3447,460,609943,,,剁椒鱼头,0,1,55,,2016-08-10 17:33:44,,,,0,,,caipu/103004.jpg,1224
2616,3450,460,610063,,,蒜香辣花甲,0,1,45,,2016-08-10 17:33:45,,,,0,,,caipu/104002.jpg,1224
2617,3454,460,610026,,,玉竹南北杏鸭腿汤,0,1,35,,2016-08-10 17:34:05,,,,0,,,caipu/204009.jpg,1224
2618,3457,460,610048,,,拌土豆丝,0,1,25,,2016-08-10 17:34:14,,,,0,,,caipu/301002.jpg,1224
2619,3455,460,609956,,,孜然羊排,0,1,88,,2016-08-10 17:34:45,,,,0,,,caipu/202002.jpg,1224
2620,3459,460,610050,,,番茄甘蓝,0,1,33,,2016-08-10 17:35:21,,,,0,,,caipu/301004.jpg,1224
2621,3480,460,610009,,,黑米恋上葡萄,0,1,33,,2016-08-10 17:36:26,,,,0,,,caipu/601003.jpg,1224
2622,3478,460,609946,,,谷稻小庄 ,0,1,38,,2016-08-10 17:36:38,,,,0,,,caipu/404002.jpg,1224
2623,3473,460,610034,,,法国波尔多AOC干红葡萄酒原,0,1,159,,2016-08-10 17:36:57,,,,0,,,caipu/402003.jpg,1224
2624,3482,460,609935,,,山药养生粥,0,1,19,,2016-08-10 17:37:36,,,,0,,,caipu/602001.jpg,1224
2625,3485,460,609999,,,鱼香肉丝拌面,0,1,18,,2016-08-10 17:38:01,,,,0,,,caipu/603003.jpg,1224
2626,4810,595,609966,,,芝士烩波士顿龙虾,0,1,175,,2016-08-10 17:38:06,,,,0,,,caipu/101001.jpg,1214
2627,3487,460,610003,,,蒜香包,0,1,13,,2016-08-10 17:38:41,,,,0,,,caipu/503002.jpg,1224
2628,4812,595,609933,,,自制猪肉脯,0,1,48,,2016-08-10 17:39:03,,,,0,,,caipu/203004.jpg,1214
2629,4811,595,609931,,,焖猪手,0,1,58,,2016-08-10 17:39:36,,,,0,,,caipu/203002.jpg,1214
2630,3488,460,610004,,,南瓜芝士包,0,1,10,,2016-08-10 17:39:41,,,,0,,,caipu/503003.jpg,1224
2631,5725,678,609944,,,水煮鱼,0,1,65,,2016-08-10 17:42:01,,,,0,,,caipu/103005.jpg,1183
2632,4814,595,609954,,,凉拌蒜蓉西兰花,0,1,29,,2016-08-10 17:43:48,,,,0,,,caipu/304001.jpg,1214
2633,4813,595,609952,,,美妙绝伦之白莲花,0,1,29,,2016-08-10 17:43:56,,,,0,,,caipu/303003.jpg,1214
2634,5733,678,609951,,,炝炒大白菜,0,1,29,,2016-08-10 17:44:53,,,,0,,,caipu/303002.jpg,1183
2635,4815,595,610007,,,桂圆肉红豆八宝饭,0,1,39,,2016-08-10 17:46:14,,,,0,,,caipu/601001.jpg,1214
2636,5736,678,609952,,,美妙绝伦之白莲花,0,1,29,,2016-08-10 17:46:45,,,,0,,,caipu/303003.jpg,1183
2637,5742,678,609945,,,农夫山泉NFC果汁100%橙汁,0,1,6,,2016-08-10 17:47:43,,,,0,,,caipu/404001.jpg,1183
2638,4367,555,609942,,,辣炒鱿鱼,0,1,58,,2016-08-10 17:48:24,,,,0,,,caipu/103003.jpg,1439
2639,4365,555,609970,,,麻辣小龙虾,0,1,99,,2016-08-10 17:48:51,,,,0,,,caipu/101006.jpg,1439
2640,4370,555,610011,,,白饭/大碗,0,1,10,,2016-08-10 17:49:17,,,,0,,,caipu/601005.jpg,1439
2641,4368,555,609931,,,焖猪手,0,1,58,,2016-08-10 17:49:18,,,,0,,,caipu/203002.jpg,1439
2642,4371,555,609932,,,爆炒猪肝,0,1,68,,2016-08-10 17:51:11,,,,0,,,caipu/203003.jpg,1439
2643,4372,555,609933,,,自制猪肉脯,0,1,48,,2016-08-10 17:51:13,,,,0,,,caipu/203004.jpg,1439
2644,4816,595,609946,,,谷稻小庄 ,0,1,38,,2016-08-10 17:51:40,,,,0,,,caipu/404002.jpg,1214
2645,4373,555,609934,,,芹菜炒腰花,0,1,18,,2016-08-10 17:53:38,,,,0,,,caipu/203005.jpg,1439
2646,4374,555,609951,,,炝炒大白菜,0,1,29,,2016-08-10 17:53:42,,,,0,,,caipu/303002.jpg,1439
2647,4376,555,609953,,,凉拌菠菜,0,1,27,,2016-08-10 17:54:07,,,,0,,,caipu/303004.jpg,1439
2648,5745,678,609954,,,凉拌蒜蓉西兰花,0,1,29,,2016-08-10 17:54:27,,,,0,,,caipu/304001.jpg,1183
2649,5747,678,610010,,,白饭/小碗,0,2,1,,2016-08-10 17:55:05,,,,0,,,caipu/601004.jpg,1183
2650,5542,662,609969,,,香辣腐乳炒虾,0,1,56,,2016-08-10 17:55:20,,,,0,,,caipu/101004.jpg,1314
2651,4378,555,609983,,,干锅田鸡,0,1,88,,2016-08-10 17:58:07,,,,0,,,caipu/205003.jpg,1439
2652,4377,555,609991,,,"香烤牛排


",0,1,55,,2016-08-10 17:58:21,,,,0,,,caipu/201001.jpg,1439
2653,5544,662,609933,,,自制猪肉脯,0,1,48,,2016-08-10 18:00:43,,,,0,,,caipu/203004.jpg,1314
2654,4380,555,610033,,,"张裕葡萄酒张裕赤霞珠干红


",0,1,32,,2016-08-10 18:00:53,,,,0,,,caipu/402002.jpg,1439
2655,4383,555,609993,,,百里香奶油烤红酒牛肉,0,1,178,,2016-08-10 18:01:02,,,,0,,,caipu/111.jpg,1439
2656,4381,555,610053,,,蛋挞,0,1,8,,2016-08-10 18:01:21,,,,0,,,caipu/501002.jpg,1439
2657,5548,662,609967,,,香酥两吃大虾,0,1,89,,2016-08-10 18:01:46,,,,0,,,caipu/101002.jpg,1314
2658,5550,662,609931,,,焖猪手,0,1,58,,2016-08-10 18:02:07,,,,0,,,caipu/203002.jpg,1314
2659,4386,555,609956,,,孜然羊排,0,1,88,,2016-08-10 18:02:25,,,,0,,,caipu/202002.jpg,1439
2660,5552,662,609932,,,爆炒猪肝,0,1,68,,2016-08-10 18:03:02,,,,0,,,caipu/203003.jpg,1314
2661,4387,555,609957,,,"蒙古烤羊腿


",0,1,48,,2016-08-10 18:03:23,,,,0,,,caipu/202003.jpg,1439
2662,5557,662,609934,,,芹菜炒腰花,0,1,18,,2016-08-10 18:03:49,,,,0,,,caipu/203005.jpg,1314
2663,5570,662,609991,,,"香烤牛排


",0,1,55,,2016-08-10 18:05:20,,,,0,,,caipu/201001.jpg,1314
2664,5605,662,609970,,,麻辣小龙虾,0,1,99,,2016-08-10 18:06:25,,,,0,,,caipu/101006.jpg,1314
2665,5621,662,609950,,,大蒜苋菜,0,1,30,,2016-08-10 18:08:27,,,,0,,,caipu/303001.jpg,1314
2666,5626,662,610007,,,桂圆肉红豆八宝饭,0,1,39,,2016-08-10 18:09:13,,,,0,,,caipu/601001.jpg,1314
2667,3522,468,609966,,,芝士烩波士顿龙虾,0,1,175,,2016-08-10 18:59:23,,,,0,,,caipu/101001.jpg,1136
2668,3532,468,609948,,,露露无糖杏仁露,0,1,7,,2016-08-10 19:00:06,,,,0,,,caipu/404004.jpg,1136
2669,3526,468,609953,,,凉拌菠菜,0,1,27,,2016-08-10 19:00:12,,,,0,,,caipu/303004.jpg,1136
2670,3543,468,610042,,,五彩豆,0,1,29,,2016-08-10 19:00:35,,,,0,,,caipu/305001.jpg,1136
2671,3548,468,610029,,,黄花菜炒木耳,0,1,35,,2016-08-10 19:02:25,,,,0,,,caipu/304003.jpg,1136
2672,3550,468,610066,,,辣炒田螺,0,1,35,,2016-08-10 19:02:43,,,,0,,,caipu/104005.jpg,1136
2673,3554,468,609994,,,"独家薄荷鲜虾牛肉卷


",0,1,45,,2016-08-10 19:02:51,,,,0,,,caipu/201004.jpg,1136
2674,3561,468,610054,,,不加一滴油的酸奶蛋糕,0,1,7,,2016-08-10 19:03:16,,,,0,,,caipu/501003.jpg,1136
2675,3558,468,609987,,,蓝带啤酒罐装,0,1,9,,2016-08-10 19:03:23,,,,0,,,caipu/403002.jpg,1136
2676,3555,468,610070,,,52度泸州老窖 ,0,1,159,,2016-08-10 19:03:26,,,,0,,,caipu/401003.jpg,1136
2677,3566,468,610007,,,桂圆肉红豆八宝饭,0,1,39,,2016-08-10 19:04:07,,,,0,,,caipu/601001.jpg,1136
2678,3585,468,610039,,,培根紫菜卷,0,1,30,,2016-08-10 19:04:15,,,,0,,,caipu/105003.jpg,1136
2679,3572,468,610001,,,土豆西红柿汤面,0,1,13,,2016-08-10 19:04:21,,,,0,,,caipu/603005.jpg,1136
2680,3563,468,610053,,,蛋挞,0,1,8,,2016-08-10 19:04:22,,,,0,,,caipu/501002.jpg,1136
2681,3575,468,610000,,,酸辣汤面,0,1,16,,2016-08-10 19:04:26,,,,0,,,caipu/603004.jpg,1136
2682,3586,468,609981,,,桂圆枸杞鸽子汤,0,1,48,,2016-08-10 19:04:49,,,,0,,,caipu/205001.jpg,1136
2683,3592,468,609976,,,芹黄鳝丝,0,1,58,,2016-08-10 19:05:04,,,,0,,,caipu/106001.jpg,1136
2684,3595,468,609970,,,麻辣小龙虾,0,1,99,,2016-08-10 19:05:06,,,,0,,,caipu/101006.jpg,1136
2685,3207,441,609967,,,香酥两吃大虾,0,1,89,,2016-08-10 19:39:20,,,,0,,,caipu/101002.jpg,1534
2686,6638,764,609967,,,香酥两吃大虾,0,1,89,,2016-08-10 19:40:13,,,,0,,,caipu/101002.jpg,1466
2687,6643,764,609973,,,紫薯面包卷,0,1,20,,2016-08-10 19:41:01,,,,0,,,caipu/502003.jpg,1466
2688,6642,764,610026,,,玉竹南北杏鸭腿汤,0,1,35,,2016-08-10 19:41:08,,,,0,,,caipu/204009.jpg,1466
2689,6641,764,610020,,,"泡椒凤爪


",0,1,58,,2016-08-10 19:41:11,,,,0,,,caipu/204003.jpg,1466
2690,6646,764,610008,,,五色糯米饭(七色),0,1,35,,2016-08-10 19:41:20,,,,0,,,caipu/601002.jpg,1466
2691,6650,764,610029,,,黄花菜炒木耳,0,1,35,,2016-08-10 19:42:57,,,,0,,,caipu/304003.jpg,1466
2692,6654,764,610045,,,冬瓜炒苦瓜,0,1,29,,2016-08-10 19:43:15,,,,0,,,caipu/305004.jpg,1466
2693,3209,441,609960,,,白胡椒胡萝卜羊肉汤,0,1,35,,2016-08-10 19:43:39,,,,0,,,caipu/202006.jpg,1534
2694,3208,441,609937,,,冰糖红豆薏米粥,0,1,15,,2016-08-10 19:43:59,,,,0,,,caipu/602003.jpg,1534
2695,6657,764,609970,,,麻辣小龙虾,0,1,99,,2016-08-10 19:44:21,,,,0,,,caipu/101006.jpg,1466
2696,6660,764,609993,,,百里香奶油烤红酒牛肉,0,1,178,,2016-08-10 19:45:21,,,,0,,,caipu/111.jpg,1466
2697,6670,764,609997,,,打卤面,0,1,26,,2016-08-10 19:46:41,,,,0,,,caipu/603001.jpg,1466
2698,6668,764,610036,,,路易拉菲红酒干红,0,1,158,,2016-08-10 19:46:46,,,,0,,,caipu/402005.jpg,1466
2699,6671,764,609950,,,大蒜苋菜,0,1,30,,2016-08-10 19:46:51,,,,0,,,caipu/303001.jpg,1466
2700,6674,764,609946,,,谷稻小庄 ,0,1,38,,2016-08-10 19:47:05,,,,0,,,caipu/404002.jpg,1466
2701,3210,441,609979,,,鲜美鳝鱼,0,1,55,,2016-08-10 19:48:43,,,,0,,,caipu/106004.jpg,1534
2702,3211,441,610004,,,南瓜芝士包,0,1,10,,2016-08-10 19:49:48,,,,0,,,caipu/503003.jpg,1534
2703,6352,737,609931,,,焖猪手,0,1,58,,2016-08-10 19:54:12,,,,0,,,caipu/203002.jpg,1197
2704,6351,737,610019,,,白斩鸡,0,1,88,,2016-08-10 19:54:38,,,,0,,,caipu/204002.jpg,1197
2705,5290,637,609994,,,"独家薄荷鲜虾牛肉卷


",0,1,45,,2016-08-10 19:55:04,,,,0,,,caipu/201004.jpg,1207
2706,6354,737,609967,,,香酥两吃大虾,0,1,89,,2016-08-10 19:55:07,,,,0,,,caipu/101002.jpg,1197
2707,5289,637,609977,,,快炒黄鳝,0,1,50,,2016-08-10 19:55:30,,,,0,,,caipu/106002.jpg,1207
2708,6353,737,609946,,,谷稻小庄 ,0,1,38,,2016-08-10 19:55:57,,,,0,,,caipu/404002.jpg,1197
2709,5291,637,609996,,,牛尾汤,0,1,40,,2016-08-10 19:56:20,,,,0,,,caipu/201006.jpg,1207
2710,3212,441,609998,,,清爽拌凉面,0,1,15,,2016-08-10 19:56:31,,,,0,,,caipu/603002.jpg,1534
2711,6355,737,609968,,,油焖麻辣虾,0,1,65,,2016-08-10 19:56:38,,,,0,,,caipu/101003.jpg,1197
2712,3213,441,610035,,,黄尾袋鼠西拉子红葡萄酒,0,1,46,,2016-08-10 19:57:13,,,,0,,,caipu/402004.jpg,1534
2713,6356,737,609976,,,芹黄鳝丝,0,1,58,,2016-08-10 19:57:29,,,,0,,,caipu/106001.jpg,1197
2714,6357,737,609985,,,三色凉拌手撕兔,0,1,66,,2016-08-10 19:58:47,,,,0,,,caipu/205005.jpg,1197
2715,5292,637,609952,,,美妙绝伦之白莲花,0,1,29,,2016-08-10 19:59:03,,,,0,,,caipu/303003.jpg,1207
2716,6358,737,609993,,,百里香奶油烤红酒牛肉,0,1,178,,2016-08-10 19:59:37,,,,0,,,caipu/111.jpg,1197
2717,5293,637,610013,,,番茄炖秋葵,0,1,35,,2016-08-10 19:59:38,,,,0,,,caipu/302002.jpg,1207
2718,6359,737,610041,,,凉拌海带豆芽紫菜,0,1,35,,2016-08-10 20:00:46,,,,0,,,caipu/105005.jpg,1197
2719,5294,637,610016,,,五彩藕苗,0,1,35,,2016-08-10 20:01:17,,,,0,,,caipu/302005.jpg,1207
2720,6360,737,610031,,,糖醋蕃茄溜青花,0,1,33,,2016-08-10 20:02:02,,,,0,,,caipu/304005.jpg,1197
2721,5295,637,609946,,,谷稻小庄 ,0,1,38,,2016-08-10 20:02:42,,,,0,,,caipu/404002.jpg,1207
2722,5296,637,610011,,,白饭/大碗,0,1,10,,2016-08-10 20:03:44,,,,0,,,caipu/601005.jpg,1207
2723,4182,536,609970,,,麻辣小龙虾,0,1,99,,2016-08-10 20:04:03,,,,0,,,caipu/101006.jpg,1142
2724,4183,536,609961,,,姜葱炒花蟹,0,1,45,,2016-08-10 20:05:43,,,,0,,,caipu/102001.jpg,1142
2725,4184,536,609953,,,凉拌菠菜,0,1,27,,2016-08-10 20:05:55,,,,0,,,caipu/303004.jpg,1142
2726,4186,536,610008,,,五色糯米饭(七色),0,1,35,,2016-08-10 20:06:11,,,,0,,,caipu/601002.jpg,1142
2727,4185,536,609952,,,美妙绝伦之白莲花,0,1,29,,2016-08-10 20:06:16,,,,0,,,caipu/303003.jpg,1142
2728,4188,536,610050,,,番茄甘蓝,0,1,33,,2016-08-10 20:07:41,,,,0,,,caipu/301004.jpg,1142
2729,4189,536,609937,,,冰糖红豆薏米粥,0,1,15,,2016-08-10 20:07:42,,,,0,,,caipu/602003.jpg,1142
2730,4187,536,609955,,,红酒炖羊肉,0,1,108,,2016-08-10 20:07:44,,,,0,,,caipu/202001.jpg,1142
2731,4190,536,609960,,,白胡椒胡萝卜羊肉汤,0,1,35,,2016-08-10 20:08:43,,,,0,,,caipu/202006.jpg,1142
2732,4191,536,610012,,,香菇鹌鹑蛋,0,1,39,,2016-08-10 20:10:15,,,,0,,,caipu/302001.jpg,1142
2733,4192,536,610023,,,啤酒鸭,0,1,48,,2016-08-10 20:13:17,,,,0,,,caipu/204006.jpg,1142
2734,4193,536,610027,,,清炒菊花菜,0,1,30,,2016-08-10 20:13:24,,,,0,,,caipu/304001.jpg,1142
2735,4194,536,610024,,,"红酒土豆烧鸭腿


",0,1,48,,2016-08-10 20:14:41,,,,0,,,caipu/204007.jpg,1142
2736,4195,536,610068,,,38度剑南春 ,0,1,80,,2016-08-10 20:15:28,,,,0,,,caipu/401001.jpg,1142
2737,6308,732,610012,,,香菇鹌鹑蛋,0,1,39,,2016-08-10 20:15:29,,,,0,,,caipu/302001.jpg,1153
2738,6309,732,609957,,,"蒙古烤羊腿


",0,1,48,,2016-08-10 20:15:34,,,,0,,,caipu/202003.jpg,1153
2739,4196,536,609949,,,意文柠檬汁 ,0,1,13,,2016-08-10 20:15:41,,,,0,,,caipu/404005.jpg,1142
2740,6310,732,610049,,,爆炒双丝,0,1,35,,2016-08-10 20:15:43,,,,0,,,caipu/301003.jpg,1153
2741,6315,732,610053,,,蛋挞,0,1,8,,2016-08-10 20:16:13,,,,0,,,caipu/501002.jpg,1153
2742,6311,732,609946,,,谷稻小庄 ,0,1,38,,2016-08-10 20:16:36,,,,0,,,caipu/404002.jpg,1153
2743,6321,732,610011,,,白饭/大碗,0,2,10,,2016-08-10 20:17:08,,,,0,,,caipu/601005.jpg,1153
2744,6330,732,609964,,,避风塘炒蟹,0,1,48,,2016-08-10 20:17:17,,,,0,,,caipu/102004.jpg,1153
2745,6319,732,610054,,,不加一滴油的酸奶蛋糕,0,1,7,,2016-08-10 20:17:22,,,,0,,,caipu/501003.jpg,1153
2746,6331,732,610039,,,培根紫菜卷,0,1,30,,2016-08-10 20:17:40,,,,0,,,caipu/105003.jpg,1153
2747,6334,732,609997,,,打卤面,0,1,26,,2016-08-10 20:18:10,,,,0,,,caipu/603001.jpg,1153
2748,6333,732,610017,,,酸辣藕丁,0,1,33,,2016-08-10 20:18:27,,,,0,,,caipu/302006.jpg,1153
2749,6335,732,609944,,,水煮鱼,0,1,65,,2016-08-10 20:19:03,,,,0,,,caipu/103005.jpg,1153
2750,6336,732,609952,,,美妙绝伦之白莲花,0,1,29,,2016-08-10 20:19:22,,,,0,,,caipu/303003.jpg,1153
2751,5074,616,609970,,,麻辣小龙虾,0,1,99,,2016-08-10 20:37:48,,,,0,,,caipu/101006.jpg,1133
2752,5075,616,610001,,,土豆西红柿汤面,0,1,13,,2016-08-10 20:39:37,,,,0,,,caipu/603005.jpg,1133
2753,6088,716,609970,,,麻辣小龙虾,0,1,99,,2016-08-10 20:41:10,,,,0,,,caipu/101006.jpg,1112
2754,6091,716,609942,,,辣炒鱿鱼,0,1,58,,2016-08-10 20:41:29,,,,0,,,caipu/103003.jpg,1112
2755,6094,716,609946,,,谷稻小庄 ,0,1,38,,2016-08-10 20:46:41,,,,0,,,caipu/404002.jpg,1112
2756,6098,716,609953,,,凉拌菠菜,0,1,27,,2016-08-10 20:47:14,,,,0,,,caipu/303004.jpg,1112
2757,6106,716,609957,,,"蒙古烤羊腿


",0,1,48,,2016-08-10 20:47:17,,,,0,,,caipu/202003.jpg,1112
2758,6103,716,609944,,,水煮鱼,0,1,65,,2016-08-10 20:47:36,,,,0,,,caipu/103005.jpg,1112
2759,5076,616,610000,,,酸辣汤面,0,1,16,,2016-08-10 20:48:31,,,,0,,,caipu/603004.jpg,1133
2760,5080,616,610033,,,"张裕葡萄酒张裕赤霞珠干红


",0,1,32,,2016-08-10 20:49:20,,,,0,,,caipu/402002.jpg,1133
2761,6111,716,609960,,,白胡椒胡萝卜羊肉汤,0,1,35,,2016-08-10 20:50:11,,,,0,,,caipu/202006.jpg,1112
2762,6115,716,609955,,,红酒炖羊肉,0,1,108,,2016-08-10 20:50:12,,,,0,,,caipu/202001.jpg,1112
2763,6120,716,609983,,,干锅田鸡,0,1,88,,2016-08-10 20:51:37,,,,0,,,caipu/205003.jpg,1112
2764,6116,716,609974,,,南瓜枸杞小饼干,0,1,19,,2016-08-10 20:51:42,,,,0,,,caipu/502004.jpg,1112
2765,6125,716,609991,,,"香烤牛排


",0,1,55,,2016-08-10 20:52:09,,,,0,,,caipu/201001.jpg,1112
2766,6127,716,610011,,,白饭/大碗,0,1,10,,2016-08-10 20:52:12,,,,0,,,caipu/601005.jpg,1112
2767,6131,716,610038,,,芝麻烤紫菜,0,1,25,,2016-08-10 20:53:09,,,,0,,,caipu/105002.jpg,1112
2768,6128,716,610022,,,杭椒鸡珍,0,1,58,,2016-08-10 20:53:26,,,,0,,,caipu/204005.jpg,1112
2769,6135,716,610020,,,"泡椒凤爪


",0,1,58,,2016-08-10 20:56:10,,,,0,,,caipu/204003.jpg,1112
2770,6137,716,610031,,,糖醋蕃茄溜青花,0,1,33,,2016-08-10 20:57:11,,,,0,,,caipu/304005.jpg,1112
2771,6734,774,609941,,,清蒸海鱼,0,1,78,,2016-08-10 21:50:35,,,,0,,,caipu/103002.jpg,1138
2772,6736,774,609944,,,水煮鱼,0,1,65,,2016-08-10 21:53:17,,,,0,,,caipu/103005.jpg,1138
2773,6739,774,609994,,,"独家薄荷鲜虾牛肉卷


",0,1,45,,2016-08-10 21:55:58,,,,0,,,caipu/201004.jpg,1138
2774,6750,774,610011,,,白饭/大碗,0,1,10,,2016-08-10 21:56:24,,,,0,,,caipu/601005.jpg,1138
2775,6742,774,609996,,,牛尾汤,0,1,40,,2016-08-10 21:56:48,,,,0,,,caipu/201006.jpg,1138
2776,6756,774,609949,,,意文柠檬汁 ,0,1,13,,2016-08-10 22:01:52,,,,0,,,caipu/404005.jpg,1138
2777,6763,774,610014,,,金玉良缘,0,1,30,,2016-08-10 22:03:58,,,,0,,,caipu/302003.jpg,1138
2778,6764,774,610017,,,酸辣藕丁,0,1,33,,2016-08-10 22:04:30,,,,0,,,caipu/302006.jpg,1138
