rank,Age,Annual_Premium,Vintage,Gender,Driving_License,Previously_Insured,Vehicle_Damage,Vehicle_Age,Region_Code,Policy_Sales_Channel,Response_Prob,True_Response
1,0.8495206402211485,2.677966793239321,-0.7451476882956085,1,1,0,1,0,28,26,0.9437087,1
2,0.8495206402211485,1.9837255961196565,0.7846500127481763,1,1,0,1,0,28,26,0.9395524,1
3,0.913988561109355,0.636520710161559,0.7966015572875808,1,1,0,1,0,28,26,0.9326845,1
4,0.6561168775565288,1.0893795833596174,-0.5539229756651354,1,1,0,1,0,41,26,0.93244314,1
5,0.6561168775565288,2.110134038527327,-0.8885662227684633,1,1,0,1,0,28,26,0.93177146,1
6,0.913988561109355,0.4125415366111875,1.4897911405730455,1,1,0,1,0,30,26,0.93130887,0
7,0.7205847984447353,1.6467201860427436,-0.6375837874409673,1,1,0,1,0,28,26,0.93113434,1
8,0.7850527193329419,0.9768559648943396,-0.2909889957982349,0,1,0,1,0,28,26,0.93016374,1
9,0.7850527193329419,1.0191387092980984,-0.0400065604707389,1,1,0,1,0,28,26,0.9300708,0
10,0.7205847984447353,1.1686047552662144,0.4380552211054437,1,1,0,1,0,41,26,0.9296921,0
11,0.8495206402211485,0.7092746745293935,-0.6614868765197764,1,1,0,1,0,46,26,0.9279062,1
12,-0.4398377775429825,0.1225309152623754,-1.6893197069085693,1,1,0,1,0,41,124,0.9275707,1
13,0.6561168775565288,-0.1867676741874083,-0.7212445992167993,1,1,0,1,0,11,26,0.9269272,1
14,0.913988561109355,0.4642483696636295,0.7607469236693671,0,1,0,1,0,28,26,0.92629814,1
15,0.7850527193329419,0.3867823609714533,1.0595355371544812,1,1,0,1,0,28,26,0.9256331,1
16,0.3982451940037026,0.6771071186085548,1.202954071627336,1,1,0,1,0,11,26,0.92350703,1
17,0.5916489566683223,0.5396410788530953,0.2109758748567569,1,1,0,1,0,28,26,0.9233776,0
18,0.5916489566683223,0.5804787963307226,1.4180818733366185,1,1,0,1,0,28,26,0.92285407,1
19,1.042924402885768,0.8957459752580058,0.7846500127481763,1,1,0,1,0,41,26,0.921503,1
20,0.5271810357801157,0.4362902400058692,-0.757099232835013,0,1,0,1,0,29,26,0.9212712,0
21,0.5271810357801157,0.4382378849932637,1.3822272397184046,1,1,0,1,0,29,26,0.92031354,1
22,0.8495206402211485,0.5493164765324101,0.904165458142222,1,1,0,1,0,18,124,0.92020154,1
23,1.042924402885768,1.4966886947557063,0.4261036765660392,1,1,0,1,0,28,26,0.91942966,1
24,0.5271810357801157,1.568500250258673,-1.4622403606598826,1,1,0,1,0,28,26,0.9188624,1
25,0.4627131148919091,1.0489816566855952,0.2468305084749706,0,1,0,1,0,28,26,0.91765594,1
26,0.3982451940037026,0.9037250369805576,-0.9363724009260816,0,1,0,1,0,28,26,0.9173185,1
27,0.6561168775565288,0.5069080776133356,-0.6973415101379902,1,1,0,1,0,6,26,0.9171052,0
28,0.333777273115496,-0.2623488651498478,-0.7810023219138221,1,1,0,1,0,41,26,0.9162118,0
29,0.5916489566683223,0.1341539579290847,-0.5539229756651354,0,1,0,1,0,28,26,0.9159081,1
30,1.042924402885768,1.018070645917914,-0.8168569555320359,0,1,0,1,0,28,26,0.9152799,1
31,1.107392323773975,1.5036625203557323,1.310517972481977,0,1,0,1,0,28,26,0.91526115,0
32,0.7205847984447353,0.1670126136841603,0.5456191219600849,0,1,0,1,0,28,26,0.91398656,0
33,0.2693093522272895,0.543222232539595,-1.11564556901715,1,1,0,1,0,28,26,0.91380155,1
34,0.3982451940037026,0.5202902834944657,1.179050982548527,0,1,0,1,0,28,26,0.91341156,1
35,0.5916489566683223,1.0647512983577252,-1.4980949942780963,1,1,0,1,0,46,26,0.91212654,1
36,0.8495206402211485,0.5272641090944914,0.1153635185415204,0,1,0,1,0,24,124,0.91193646,1
37,-0.5043056984311891,-0.520254757835479,1.7168704868217326,1,1,0,1,0,11,124,0.9119295,1
38,-0.4398377775429825,0.1313267313344797,-1.725174340526783,1,1,0,1,1,41,26,0.9113245,1
39,0.8495206402211485,-0.1907257914198552,-1.0080816681625089,1,1,0,1,0,28,124,0.9078808,1
40,1.042924402885768,0.3510336513641149,1.6810158532035189,1,1,0,1,0,29,26,0.9073568,1
41,0.8495206402211485,1.27226973040173,1.6451612195853051,1,1,0,1,0,28,124,0.9067428,1
42,0.5271810357801157,0.3799341898867435,-0.9722270345442952,1,1,0,1,0,28,26,0.90627694,0
43,-0.5687736193193956,0.1650021414391078,-1.6893197069085693,0,1,0,1,0,45,124,0.90610534,1
44,-0.4398377775429825,-0.3812180366385723,-1.725174340526783,0,1,0,1,1,41,124,0.90598935,0
45,0.6561168775565288,0.5667196269036452,-0.0758611940889526,0,1,0,1,0,28,124,0.90573835,1
46,0.6561168775565288,-0.3071446998599221,1.4061303287972138,0,1,0,1,0,46,26,0.9044525,1
47,1.3007960864385943,1.2516623898899426,1.1670994380091224,0,1,0,1,0,28,26,0.9040743,0
48,0.6561168775565288,0.8379448982127486,-1.282967192568814,1,1,0,1,0,28,122,0.9039076,0
49,0.7850527193329419,0.4220284525175286,-1.3068702816476232,1,1,0,1,0,28,124,0.9025673,1
50,0.2693093522272895,2.677966793239321,-1.3307733707264322,0,1,0,1,0,28,124,0.90196854,1
51,0.7205847984447353,0.3424891443226421,0.82050464636639,1,1,0,1,0,46,26,0.9017236,1
52,0.5916489566683223,1.1976309483041587,-0.7690507773744176,1,1,0,1,0,28,124,0.90144265,1
53,0.5916489566683223,0.8922904760868219,0.4261036765660392,1,1,0,1,0,28,124,0.90066916,0
54,0.7205847984447353,0.7615469529007566,1.6810158532035189,0,1,0,1,0,46,26,0.9005494,1
55,-0.6977094610958087,-1.7408627196129314,-1.7132227959873785,1,1,0,1,0,41,124,0.9001451,1
56,0.7850527193329419,0.3367090366181163,0.4022005874872301,0,1,0,1,0,28,124,0.90002495,1
57,-0.1819660939901563,-0.410621193222464,1.7168704868217326,0,1,0,1,1,41,26,0.89974165,0
58,0.7850527193329419,0.985588953708786,1.071487081693886,1,1,0,1,0,33,124,0.89956933,0
59,0.9784564819975616,0.2895885933747002,-0.4583106193498988,1,1,0,1,0,8,26,0.8987863,1
60,1.6876036117678337,1.5654217146334364,-1.2471125589506002,0,1,0,1,0,28,26,0.8984141,1
61,1.042924402885768,0.82481400136225,0.1990243303173524,1,1,0,1,0,37,26,0.89817274,1
62,1.107392323773975,0.2572325556808877,-0.1834250949435937,1,1,0,1,0,33,26,0.8981532,1
63,0.5916489566683223,0.8803532971318232,1.7168704868217326,1,1,0,1,2,28,26,0.8979294,1
64,1.2363281655503875,0.931557512123002,0.1034119740021158,1,1,0,1,0,33,26,0.89773846,1
65,0.6561168775565288,-0.0134900975669525,0.1751212412385432,1,1,0,1,0,18,124,0.8972967,1
66,-0.5687736193193956,-0.6073333369493121,-1.2112579253323863,1,1,0,1,0,35,26,0.89725053,1
67,0.5271810357801157,-0.0432702176967916,-0.1356189167859754,1,1,0,1,0,28,26,0.8971147,1
68,-0.3753698566547759,-0.2330713630812719,1.5615004078094732,1,1,0,1,0,41,124,0.89703584,1
69,-0.5687736193193956,0.4793897387591805,-1.6893197069085693,1,1,0,1,0,28,26,0.89693147,0
70,-0.5687736193193956,-0.6694694947729636,1.5615004078094732,0,1,0,1,0,41,124,0.8967043,0
71,-0.5043056984311891,-0.4451761849343025,-1.7132227959873785,0,1,0,1,1,41,124,0.8966666,0
72,0.5271810357801157,0.4410022843302108,-0.482213708428708,1,1,0,1,0,37,26,0.8965203,1
73,0.2693093522272895,0.5511384670044889,-0.3866013521134714,0,1,0,1,0,46,26,0.8958337,1
74,0.333777273115496,0.9037878642382154,1.597355041427687,1,1,0,1,0,33,26,0.89565194,1
75,0.5916489566683223,0.7477249562160211,1.728822031361137,1,1,0,1,2,28,26,0.89557976,0
76,0.4627131148919091,0.4455886741392366,0.9639231808392448,1,1,0,1,0,46,26,0.8940598,1
77,-0.5043056984311891,-0.1105582106483899,1.1431963489303132,1,1,0,1,0,41,26,0.89390963,1
78,0.6561168775565288,-1.7408627196129314,1.0475839926150767,0,1,0,1,0,28,26,0.89383477,1
79,0.5271810357801157,0.7597877896863356,1.7168704868217326,1,1,0,1,2,28,26,0.8933534,1
80,0.7850527193329419,-0.1136367462736264,0.9997778144574584,1,1,0,1,0,28,124,0.8933231,1
81,-0.1174981731019497,0.5470546952567261,1.1670994380091224,1,1,0,1,0,41,124,0.89301413,1
82,0.5271810357801157,0.997903096209732,-0.4702621638893034,0,1,0,1,0,28,124,0.89268184,1
83,0.7205847984447353,-0.2829562056616352,-0.2073281840224029,0,1,0,1,0,28,124,0.89267737,1
84,-0.1819660939901563,0.144080664639031,1.011729358996863,0,1,0,1,0,41,124,0.8926543,1
85,0.4627131148919091,1.0320811243756232,0.7846500127481763,0,1,0,1,0,28,122,0.8925538,1
86,-0.6332415402076021,-0.1833121750162244,1.1910025270879316,0,1,0,1,0,41,124,0.89212286,0
87,0.7205847984447353,0.9374004470851856,1.7168704868217326,1,1,0,1,2,28,26,0.8920907,1
88,0.9784564819975616,0.9627826591789724,-0.6853899655985857,1,1,0,1,0,8,124,0.8919819,1
89,-0.5687736193193956,-0.5191866944552949,-1.5219980833569051,0,1,0,1,0,35,26,0.8918834,0
90,-0.3753698566547759,0.2240597636375227,-1.725174340526783,1,1,0,1,0,46,124,0.8913419,1
91,-0.6332415402076021,-0.688883117389251,-1.175403291714173,1,1,0,1,0,41,124,0.891201,0
92,-0.3753698566547759,-0.4069772122783065,1.3822272397184046,1,1,0,1,0,41,124,0.8910109,1
93,0.5271810357801157,0.5895259214334586,-1.055887846320127,1,1,0,1,0,28,124,0.89081454,1
94,-0.4398377775429825,0.1434523920624522,-1.7132227959873785,0,1,0,1,0,28,124,0.8907769,1
95,0.333777273115496,0.8635155920795091,-1.366628004344646,1,1,0,1,0,28,124,0.8905165,1
96,-0.5043056984311891,0.1795780652157379,-1.7132227959873785,1,1,0,1,0,28,124,0.8904208,0
97,0.3982451940037026,0.4088975556670299,-0.6614868765197764,1,1,0,1,0,28,124,0.89027196,1
98,-0.6332415402076021,0.2155152565960499,1.6690643086641144,0,1,0,1,0,41,124,0.8900059,0
99,-0.3753698566547759,-0.6694066675153056,1.202954071627336,1,1,0,1,0,41,124,0.88988173,1
100,1.171860244662181,0.6597667954949776,1.728822031361137,1,1,0,1,2,10,26,0.88963646,0
101,0.0759055895626698,0.149735117828241,-1.4263857270416689,0,1,0,1,0,28,26,0.8895687,1
102,-0.5043056984311891,-0.3287572764942357,-1.7132227959873785,1,1,0,1,0,46,124,0.8895407,1
103,-0.3753698566547759,-0.3327153937266827,-1.6893197069085693,1,1,0,1,0,11,26,0.88945836,1
104,-0.3109019357665694,0.3074943618071983,-1.7132227959873785,0,1,0,1,1,41,26,0.88890415,0
105,0.3982451940037026,0.3439969985064314,-1.0917424799383408,1,1,0,1,0,18,124,0.88881534,0
106,-0.4398377775429825,-0.4303489521270409,1.202954071627336,0,1,0,1,0,41,124,0.88874227,1
107,0.5916489566683223,-0.0406314728751603,-0.231231273101212,1,1,0,1,0,28,124,0.88872105,1
108,-0.3753698566547759,0.3512221331370885,-1.7132227959873785,1,1,0,1,0,30,124,0.8887046,1
109,-0.4398377775429825,-1.7408627196129314,1.728822031361137,1,1,0,1,1,3,124,0.8884701,1
110,-0.5043056984311891,-0.3635635772367058,1.7168704868217326,1,1,0,1,1,28,26,0.88824123,0
111,0.4627131148919091,-1.7408627196129314,-0.2790374512588303,0,1,0,1,0,41,124,0.887945,1
112,0.5271810357801157,-1.7408627196129314,-1.0200332127019136,1,1,0,1,0,29,124,0.88781804,1
113,-0.5687736193193956,0.1995571331509463,1.3344210615607863,0,1,0,1,0,41,26,0.8871154,0
114,-0.6332415402076021,0.3288556294108803,-0.8885662227684633,1,1,0,1,0,11,26,0.8869168,0
115,-0.5687736193193956,-0.1720660958954624,-1.557852716975119,0,1,0,1,0,29,26,0.8869059,1
116,-0.4398377775429825,-0.3320242938924458,-0.9005177673078678,0,1,0,1,0,11,26,0.88688123,1
117,-0.3753698566547759,-0.298788674591423,-1.701271251447974,0,1,0,1,0,28,124,0.88662785,1
118,-0.6332415402076021,0.2700493162430969,-1.725174340526783,1,1,0,1,0,46,26,0.88639253,1
119,-0.3753698566547759,-0.2160451762559842,-0.6614868765197764,1,1,0,1,0,41,124,0.88636285,1
120,-0.3753698566547759,-0.2693226907498734,-0.7810023219138221,1,1,0,1,0,41,124,0.88636285,0
121,-0.3109019357665694,0.711222319516788,1.2507602497849544,1,1,0,1,0,41,26,0.88625264,0
122,0.6561168775565288,1.5612751156280158,1.728822031361137,1,1,0,1,2,28,26,0.8861781,1
123,-0.3109019357665694,0.6042274997254045,-1.7132227959873785,0,1,0,1,1,41,26,0.8860643,0
124,-0.3753698566547759,-0.0702859384896835,-0.7212445992167993,1,1,0,1,0,11,124,0.88587964,1
125,-0.6332415402076021,0.4861122553285745,-1.701271251447974,1,1,0,1,0,3,26,0.8854788,1
126,-0.6332415402076021,-0.5678149918825004,-1.2232094698717912,0,1,0,1,0,41,124,0.8853999,0
127,-0.5687736193193956,-0.6552705345422808,-0.8288085000714405,1,1,0,1,0,29,124,0.88534516,0
128,-0.5043056984311891,-0.018830414467873,-0.9005177673078678,1,1,0,1,0,29,26,0.8851955,1
129,-0.6332415402076021,0.2772116236160962,-1.199306380792982,1,1,0,1,0,35,26,0.88519335,1
130,-0.4398377775429825,0.128373850224559,1.1192932598515042,0,1,0,1,0,41,26,0.88514113,1
131,-0.3109019357665694,-0.2749143166814255,1.7168704868217326,0,1,0,1,1,10,124,0.88505256,1
132,0.7205847984447353,0.4770023029681807,-1.7132227959873785,1,1,0,1,2,41,26,0.8849818,1
133,-0.3753698566547759,0.6689395751130293,1.0356324480756722,0,1,0,1,0,41,26,0.8848837,1
134,0.6561168775565288,1.447683433782554,1.728822031361137,1,1,0,1,2,11,26,0.88471895,0
135,-0.5043056984311891,0.907934463243636,1.4778395960336412,1,1,0,1,0,41,26,0.8847077,0
136,0.7850527193329419,-0.5981605573312604,-1.4263857270416689,1,1,0,1,0,23,26,0.8846768,1
137,-0.5043056984311891,-0.2570713755065852,1.728822031361137,1,1,0,1,0,25,124,0.8846612,1
138,-0.3753698566547759,0.2243738999258122,-0.6614868765197764,1,1,0,1,0,11,124,0.88464874,1
139,-0.4398377775429825,0.212122584682524,-0.8766146782290587,0,1,0,1,0,11,124,0.8846305,1
140,-0.3109019357665694,-0.6533857168125442,0.1034119740021158,0,1,0,1,0,11,124,0.88459665,1
141,-0.5687736193193956,0.1673895772301076,-1.557852716975119,0,1,0,1,0,11,124,0.8845674,0
142,-0.5043056984311891,0.0102586058277291,1.537597318730664,1,1,0,1,0,41,124,0.8843747,1
143,-0.6332415402076021,-0.2286106277875618,1.728822031361137,1,1,0,1,1,30,26,0.88437146,1
144,1.3652640073268008,0.8730653352435082,0.569522211038894,0,1,0,1,0,28,26,0.88416106,1
145,-0.5043056984311891,-1.7408627196129314,1.7168704868217326,1,1,0,1,0,18,26,0.88407093,0
146,-0.6332415402076021,-0.5757940536050522,-0.9722270345442952,0,1,0,1,0,35,124,0.8840671,0
147,-0.5043056984311891,-0.1730713320179887,-0.482213708428708,1,1,0,1,0,11,124,0.88401914,1
148,-0.5043056984311891,-0.1307885876142299,-0.8885662227684633,0,1,0,1,0,11,124,0.8839829,0
149,-0.5043056984311891,-0.7106213485388804,1.6810158532035189,1,1,0,1,1,3,124,0.88394135,1
150,-0.4398377775429825,1.7762829493374894e-05,0.9161170026816264,1,1,0,1,0,41,26,0.88381106,1
151,1.171860244662181,0.5534002482801729,-0.2551343621800211,1,1,0,1,0,28,124,0.88376975,1
152,-0.3753698566547759,-0.517490358498532,-1.4024826379628597,0,1,0,1,0,41,26,0.8837388,0
153,-0.5043056984311891,-0.3997520776476494,-1.4383372715810734,0,1,0,1,0,41,26,0.8837388,0
154,-0.5043056984311891,-0.2473331505696125,1.0356324480756722,0,1,0,1,0,11,26,0.8836969,1
155,0.913988561109355,0.2912849293314631,1.7168704868217326,1,1,0,1,2,28,26,0.8836327,1
156,-0.5687736193193956,0.285756130657569,-0.2551343621800211,1,1,0,1,0,11,26,0.8835712,0
157,-0.5043056984311891,0.2482482578358097,-0.5778260647439445,1,1,0,1,0,11,124,0.8835162,0
158,-0.4398377775429825,0.1369183572660318,-0.3626982630346623,1,1,0,1,0,11,26,0.88348275,1
159,-0.3753698566547759,-0.045846135260765,-1.3905310934234552,0,1,0,1,0,6,26,0.8834773,1
160,0.0759055895626698,-0.0670189210914733,0.3902490429478255,1,1,0,1,0,28,26,0.8833888,1
161,-0.5043056984311891,0.0808764434351955,-1.2112579253323863,1,1,0,1,0,29,26,0.8832758,1
162,-0.4398377775429825,0.8677878456002456,1.6571127641247096,0,1,0,1,0,41,124,0.8832122,0
163,-0.3753698566547759,0.012583214361071,-0.9124693118472724,1,1,0,1,0,29,26,0.88319796,0
164,-0.6332415402076021,0.608436925988483,1.4061303287972138,0,1,0,1,0,41,124,0.883144,0
165,-0.4398377775429825,-1.7408627196129314,1.7168704868217326,0,1,0,1,1,11,124,0.88301575,0
166,-0.2464340148783628,0.5887091670839061,0.043654251305093,1,1,0,1,1,41,26,0.8829447,0
167,-0.5043056984311891,-0.3339091116221825,-1.1634517471747683,1,1,0,1,0,3,26,0.8827626,0
168,-0.3753698566547759,-0.0720451017041044,-0.3746498075740668,1,1,0,1,0,41,124,0.8822766,1
169,-0.3753698566547759,-0.2086943871100113,-0.3866013521134714,1,1,0,1,0,41,124,0.8822766,0
170,-0.5043056984311891,-0.069469184140131,-0.314892084877044,1,1,0,1,0,41,124,0.8822766,0
171,0.9784564819975616,0.2213581915582335,1.7168704868217326,1,1,0,1,2,28,26,0.88212377,0
172,0.6561168775565288,-1.7408627196129314,1.6810158532035189,0,1,0,1,0,28,26,0.88208306,0
173,-0.3753698566547759,-0.1642126886882264,0.7966015572875808,1,1,0,1,0,41,124,0.88205206,0
174,-0.6332415402076021,-0.3411970735104975,0.0197511622262838,0,1,0,1,0,41,124,0.8820424,1
175,-0.6332415402076021,-0.5386631443292402,-0.1595220058647846,0,1,0,1,0,41,124,0.8820424,1
176,-0.5687736193193956,0.1009183386280618,-1.11564556901715,1,1,0,1,0,41,26,0.8819978,0
177,-0.5687736193193956,0.7091490200140778,1.0236809035362675,0,1,0,1,0,41,124,0.88195896,0
178,-0.3753698566547759,0.35712789535693,1.513694229651855,1,1,0,1,0,41,124,0.88195163,0
179,-0.4398377775429825,-0.2761080345769253,-1.617610439672142,0,1,0,1,0,3,124,0.8819192,1
180,-0.1819660939901563,-0.1339927777547822,0.6053768446571077,0,1,0,1,1,3,157,0.88189256,1
181,-0.5043056984311891,-0.3969876783107023,-1.3785795488840509,1,1,0,1,0,3,124,0.8818523,1
182,-0.4398377775429825,-0.7197313008992742,-0.8168569555320359,1,1,0,1,0,3,124,0.88183343,1
183,-0.4398377775429825,-0.0900136973942604,-0.3866013521134714,1,1,0,1,0,11,124,0.8817783,1
184,-0.3753698566547759,0.1461539641417414,-0.5300198865863263,0,1,0,1,0,41,26,0.88171,0
185,-0.5043056984311891,-0.4565479185703803,-0.3507467184952577,1,1,0,1,0,41,26,0.88161963,1
186,-0.3753698566547759,0.3354524914649586,-1.5100465388175008,0,1,0,1,0,3,26,0.8814238,1
187,-0.5687736193193956,-0.3347258659717351,0.6173283891965123,0,1,0,1,0,6,124,0.8813307,1
188,-0.4398377775429825,-0.0240450768534778,-1.4622403606598826,0,1,0,1,0,3,124,0.8810408,0
189,-0.1819660939901563,-0.0619299132211844,-0.8646631336896541,1,1,0,1,0,28,26,0.881,1
190,0.5916489566683223,-0.3749981381304414,-1.725174340526783,1,1,0,1,2,41,26,0.88098,1
191,-0.5043056984311891,-0.0898252156212867,-1.6773681623691648,1,1,0,1,0,41,26,0.8809504,0
192,-0.5043056984311891,-0.1082964293727059,-0.0280550159313343,1,1,0,1,0,35,26,0.8809287,0
193,0.1403735104508764,-0.1563592814809904,-0.9244208563866768,1,1,0,1,0,28,26,0.8808789,1
194,-0.0530302522137432,-0.6242966965169419,-1.7132227959873785,1,1,0,1,1,41,26,0.88084847,0
195,-0.3753698566547759,-0.4816788216335356,0.987826269918054,0,1,0,1,0,11,124,0.88072795,1
196,-0.3753698566547759,-0.3498044078096282,0.987826269918054,0,1,0,1,0,11,124,0.88072795,1
197,-0.4398377775429825,-0.0805267814879193,1.2149056161667406,0,1,0,1,0,11,124,0.88072795,0
198,0.0114376686744633,-0.3267468042491833,-1.6893197069085693,1,1,0,1,1,41,26,0.88071096,1
199,-0.5043056984311891,1.1164581314101671,1.513694229651855,0,1,0,1,0,41,26,0.8806939,0
200,-0.6332415402076021,-0.6662653046324113,-0.9124693118472724,1,1,0,1,0,3,124,0.88065416,1
201,-0.6977094610958087,-0.4992076265200864,-1.6893197069085693,1,1,0,1,0,28,26,0.88060844,1
202,-0.5687736193193956,0.0504680507287776,-0.7690507773744176,1,1,0,1,0,41,124,0.88057864,1
203,-0.4398377775429825,-0.7532810564885865,-0.5061167975075171,1,1,0,1,0,3,26,0.880512,1
204,-0.4398377775429825,-0.0209037139705834,0.6770861118935352,1,1,0,1,0,11,124,0.88049674,0
205,-0.3753698566547759,-0.1579927901800955,0.7248922900511534,1,1,0,1,0,11,124,0.88049674,1
206,-0.5687736193193956,0.4469080465500523,1.537597318730664,1,1,0,1,0,41,124,0.8803677,0
207,-0.6332415402076021,-0.0617414314482107,1.6690643086641144,0,1,0,1,1,41,124,0.88036114,1
208,-0.6332415402076021,0.418949916892292,1.1670994380091224,0,1,0,1,0,29,26,0.8803284,0
209,-0.5687736193193956,0.1434523920624522,-1.6773681623691648,0,1,0,1,0,18,124,0.88030916,0
210,-0.6332415402076021,-0.1351236683926241,-1.7132227959873785,0,1,0,1,0,28,124,0.88024354,1
211,-0.5043056984311891,0.5167091298079661,-0.7451476882956085,0,1,0,1,0,41,26,0.88021,0
212,-0.4398377775429825,-0.0574691779274743,-1.6654166178297602,0,1,0,1,0,29,124,0.8802002,1
213,-0.5043056984311891,-0.0460974442913965,0.5814737555782986,1,1,0,1,0,41,26,0.879948,0
214,-0.5687736193193956,-0.7606946728922173,-0.4105044411922806,1,1,0,1,0,3,124,0.8799159,1
215,-0.4398377775429825,-0.4320452880838039,1.0356324480756722,1,1,0,1,1,41,163,0.8798303,1
216,-0.4398377775429825,-0.0870608162843397,-1.282967192568814,0,1,0,1,0,41,124,0.8797942,0
217,-0.5043056984311891,-0.2708305449336627,-1.3307733707264322,0,1,0,1,0,41,124,0.8797942,1
218,-0.3753698566547759,-0.3715426389592576,0.8324561909057945,0,1,0,1,0,41,124,0.8796222,0
219,-0.3753698566547759,-0.2734064624976361,0.8683108245240082,0,1,0,1,0,41,124,0.8796222,1
220,-0.5687736193193956,0.3480807702541941,0.127315063080925,0,1,0,1,0,11,124,0.87961614,0
221,-0.5687736193193956,0.1369183572660318,1.4897911405730455,0,1,0,1,0,11,124,0.87944895,0
222,-0.6332415402076021,0.7029919487636047,1.155147893469718,0,1,0,1,0,3,26,0.879444,0
223,-0.5687736193193956,-0.2176786849550893,0.4500067656448483,1,1,0,1,0,41,124,0.8794047,0
224,-0.5687736193193956,-0.0739927466914989,0.2587820530143752,1,1,0,1,0,41,124,0.8794047,1
225,-0.3753698566547759,-0.6844852093531988,1.0236809035362675,1,1,0,1,0,11,124,0.87927353,0
226,-0.3753698566547759,-0.2605897019354269,1.5615004078094732,1,1,0,1,0,3,124,0.87915224,1
227,-0.5043056984311891,-0.7503910026363235,-1.5339496278963098,1,1,0,1,0,35,124,0.8790885,0
228,-0.6977094610958087,-0.1697414873621206,1.131244804390909,0,1,0,1,1,3,163,0.87902504,0
229,-0.5043056984311891,-0.1231236621799675,-1.3905310934234552,0,1,0,1,0,29,124,0.8790138,0
230,-0.4398377775429825,-0.3893855801340978,-0.5180683420469216,0,1,0,1,0,29,124,0.87893504,1
231,-0.1819660939901563,-0.0533854061797116,1.6451612195853051,0,1,0,1,1,3,124,0.8788824,1
232,-0.5043056984311891,-0.553427549878844,0.1153635185415204,0,1,0,1,0,29,124,0.8788209,1
233,-0.5043056984311891,-0.0833540080825243,-0.2431828176406166,0,1,0,1,0,41,26,0.87874436,0
234,-0.3753698566547759,-0.1993331257189859,-1.725174340526783,0,1,0,1,0,28,124,0.87864405,1
235,-0.6332415402076021,-0.6220977424989158,-1.4622403606598826,1,1,0,1,0,35,124,0.8786417,0
236,-0.6332415402076021,0.3757875908813228,1.0834386262332905,1,1,0,1,0,41,124,0.87859124,1
237,-0.6332415402076021,0.2234943183186017,1.4419849624154275,1,1,0,1,0,41,124,0.87859124,0
238,-0.3753698566547759,0.0438083614170414,0.0675573403839021,0,1,0,1,0,29,26,0.87856793,0
239,-0.4398377775429825,-0.4655322164154584,0.3902490429478255,0,1,0,1,0,41,124,0.8785511,1
240,-0.5043056984311891,-0.1163383183529156,0.4978129438024666,0,1,0,1,0,41,124,0.8785511,0
241,-0.5043056984311891,0.0880387508081947,0.7846500127481763,1,1,0,1,0,29,26,0.87849545,0
242,-0.6332415402076021,-0.548903987327476,0.485861399263062,0,1,0,1,0,6,26,0.87849194,1
243,0.6561168775565288,-1.7408627196129314,0.4619583101842529,0,1,0,1,0,46,26,0.8784374,1
244,-0.3753698566547759,-0.5526736227869493,0.4261036765660392,1,1,0,1,0,11,124,0.8783994,0
245,-0.5043056984311891,-0.1089247019492848,-0.0758611940889526,0,1,0,1,0,41,124,0.87838894,1
246,0.4627131148919091,-0.036296392096766,-0.9124693118472724,1,1,0,1,0,25,26,0.8783011,0
247,-0.2464340148783628,0.984458063070944,-1.1515002026353638,1,1,0,1,0,28,124,0.8782474,1
248,-0.5043056984311891,0.5413374148098583,-0.8527115891502496,1,1,0,1,0,41,124,0.878193,1
249,-0.3753698566547759,0.3365833821028006,-0.8288085000714405,1,1,0,1,0,41,124,0.878193,1
250,-0.5687736193193956,0.3377770999983004,-1.6295619842115463,0,1,0,1,0,35,124,0.8779181,0
251,-0.5687736193193956,-0.2652389190021107,-1.6773681623691648,1,1,0,1,1,35,26,0.87785184,0
252,-0.0530302522137432,-0.5335113092012934,1.7168704868217326,0,1,0,1,1,6,124,0.8778224,1
253,-0.6332415402076021,-0.1300974877799931,-1.7132227959873785,1,1,0,1,0,28,124,0.87780434,1
254,-0.3109019357665694,0.0516617686242774,-0.8885662227684633,1,1,0,1,0,41,124,0.87774885,1
255,0.3982451940037026,0.2226775639690492,-1.7132227959873785,0,1,0,1,1,41,26,0.87767446,0
256,-0.3753698566547759,-0.1258880615169146,0.6292799337359168,1,1,0,1,0,4,26,0.87766874,1
257,0.2048414313390829,-0.6147469533529429,1.2149056161667406,1,1,0,1,0,45,26,0.8776604,1
258,-0.4398377775429825,-0.0898880428789446,-0.5180683420469216,1,1,0,1,0,6,124,0.87751627,1
259,-0.5687736193193956,-0.4744536870028785,-1.5698042615145236,1,1,0,1,0,11,124,0.87747616,0
260,-0.2464340148783628,-0.3231028233050257,1.095390170772695,1,1,0,1,1,41,26,0.8773206,1
261,-0.1819660939901563,0.1443948009273205,0.5814737555782986,1,1,0,1,1,3,163,0.8772142,0
262,-0.3109019357665694,0.462237897418577,-1.5100465388175008,0,1,0,1,0,29,124,0.877142,1
263,0.3982451940037026,1.19015450464287,1.728822031361137,0,1,0,1,2,28,26,0.87703,1
264,-0.5687736193193956,-0.4189772184909632,1.1670994380091224,0,1,0,1,0,4,26,0.87698114,1
265,-0.3109019357665694,0.3961436223624786,-0.5419714311257308,1,1,0,1,0,41,124,0.8769707,1
266,-0.3109019357665694,-0.023353977019241,1.6093065859670914,1,1,0,1,1,41,124,0.8769017,0
267,-0.3753698566547759,0.4062588108453986,-1.3905310934234552,0,1,0,1,0,3,124,0.87688094,0
268,-0.6977094610958087,0.350405378787536,0.9519716362998402,1,1,0,1,1,11,163,0.876848,1
269,-0.6332415402076021,-0.3041289914923435,-0.840760044610845,1,1,0,1,1,11,26,0.87682635,1
270,-0.5687736193193956,-0.1521498552179119,0.3902490429478255,1,1,0,1,0,11,124,0.87679774,1
271,-0.5687736193193956,0.1856094819508952,-1.3188218261870277,0,1,0,1,0,3,124,0.8767959,1
272,-0.3753698566547759,-0.3176996791464473,-0.6734384210591811,1,1,0,1,0,3,124,0.876716,1
273,-0.3109019357665694,0.0828869156802479,1.3344210615607863,1,1,0,1,1,11,163,0.87668073,0
274,-0.1819660939901563,-0.5009667897345074,1.7168704868217326,0,1,0,1,1,28,26,0.87662584,1
275,-0.6332415402076021,0.5641437093396717,-1.5698042615145236,0,1,0,1,0,28,26,0.87660587,0
276,-0.3753698566547759,0.4226567250941074,-1.4263857270416689,0,1,0,1,0,4,124,0.8764773,0
277,-0.3109019357665694,-0.8114590970797909,-0.1117158277071663,1,1,0,1,0,6,124,0.87647414,0
278,-0.5043056984311891,-0.2052388879388274,1.6810158532035189,1,1,0,1,1,41,163,0.8764131,1
279,-0.4398377775429825,0.1802063377923168,-1.1873548362535775,1,1,0,1,0,29,124,0.8763848,0
280,-0.3109019357665694,0.6057981811668516,-1.2949187371082185,1,1,0,1,0,41,26,0.8763339,1
281,-0.6332415402076021,-0.3880033804656242,0.6173283891965123,0,1,0,1,0,3,124,0.8763279,1
282,-0.5043056984311891,-0.2536787035930593,-0.7690507773744176,1,1,0,1,0,5,124,0.8763119,0
283,-0.5043056984311891,-0.3748096563574677,-0.8049054109926314,0,1,0,1,0,35,124,0.87627995,1
284,-0.4398377775429825,-0.3395007375537346,-0.6495353319803719,0,1,0,1,0,35,124,0.87627995,1
285,-0.3753698566547759,-0.3289457582672093,-1.1395486580959593,0,1,0,1,0,30,26,0.8762693,0
286,-0.6332415402076021,0.8043323153657784,-0.9961301236231044,1,1,0,1,0,41,124,0.8762386,0
287,-0.3753698566547759,-0.1354378046809136,-1.199306380792982,0,1,0,1,0,6,124,0.8762374,1
288,-0.5687736193193956,-0.7584957188741912,0.4141521320266346,0,1,0,1,0,41,124,0.87619305,1
289,-0.6332415402076021,-0.6749982934468577,-0.6375837874409673,0,1,0,1,0,3,26,0.87611055,0
290,-0.5687736193193956,0.1094628456695346,-0.7810023219138221,1,1,0,1,0,29,124,0.8760743,1
291,-0.3753698566547759,-0.116652454641205,-1.6056588951327373,0,1,0,1,0,28,26,0.8760611,1
292,-0.4398377775429825,-0.3582232603357853,-1.6534650732903555,0,1,0,1,0,28,26,0.8760611,1
293,-0.4398377775429825,-0.4060348034134382,-1.4741919051992871,0,1,0,1,0,28,26,0.8760611,1
294,-0.3753698566547759,-0.0724848925077096,-0.7331961437562039,1,1,0,1,1,11,26,0.87604874,1
295,-0.5043056984311891,-0.1387048220791238,-0.9244208563866768,1,1,0,1,0,3,124,0.8759496,0
296,-0.5043056984311891,-0.0836053171131558,-0.1117158277071663,1,1,0,1,0,29,124,0.87594855,0
297,-0.5043056984311891,0.1163738440119023,1.5615004078094732,0,1,0,1,0,29,26,0.8759309,0
298,-0.5043056984311891,0.0823214703613269,1.621258130506496,0,1,0,1,0,29,26,0.8759309,1
299,-0.4398377775429825,1.2642906686791782,-0.757099232835013,1,1,0,1,0,41,26,0.8758842,1
300,0.2048414313390829,0.1277455776479801,-1.725174340526783,1,1,0,1,1,41,26,0.8758691,0
301,0.3982451940037026,0.1121644177488238,-1.7132227959873785,1,1,0,1,1,41,26,0.8758691,1
302,0.7205847984447353,0.6464474168715053,1.7168704868217326,1,1,0,1,2,13,26,0.8757943,1
303,-0.3753698566547759,0.0783633531288799,0.8683108245240082,0,1,0,1,0,41,26,0.8757671,0
304,-0.3753698566547759,-0.0443382810769757,-1.031984757241318,1,1,0,1,0,30,26,0.8756457,1
305,-0.4398377775429825,-0.5485898510391866,-1.0439363017807226,1,1,0,1,0,30,26,0.8756457,1
306,-0.4398377775429825,-0.2894274132003976,1.071487081693886,1,1,0,1,0,6,124,0.8755773,0
307,-0.3753698566547759,0.6869081708031853,-1.725174340526783,1,1,0,1,0,2,124,0.8755727,0
308,0.5916489566683223,0.0791172802207746,-1.701271251447974,1,1,0,1,1,41,26,0.87555057,0
309,-0.6332415402076021,0.1859864454968425,-0.5300198865863263,1,1,0,1,0,35,26,0.8755464,0
310,-0.4398377775429825,-0.035165501458924,-1.0080816681625089,1,1,0,1,0,5,124,0.8755434,0
311,-0.5687736193193956,-0.7539721563228232,0.9997778144574584,1,1,0,1,0,11,124,0.875542,1
312,-0.3109019357665694,-0.2303697910019827,-1.2232094698717912,0,1,0,1,0,3,124,0.87543005,0
313,-0.4398377775429825,-0.1688619057549101,0.8444077354451991,1,1,0,1,1,11,26,0.8753041,1
314,-0.3753698566547759,-0.2587048842056903,-1.1515002026353638,1,1,0,1,0,28,26,0.87529826,1
315,-0.3753698566547759,-0.1772179310234093,-1.6295619842115463,1,1,0,1,0,41,26,0.8752744,0
316,-0.5043056984311891,0.2392011327330738,-1.3068702816476232,0,1,0,1,0,4,124,0.87518984,1
317,-0.5687736193193956,-0.0376785917652395,-0.8049054109926314,0,1,0,1,0,30,26,0.8751565,0
318,-0.3753698566547759,0.6182379781831135,-0.8646631336896541,1,1,0,1,0,28,26,0.8751296,0
319,-0.5043056984311891,0.0049182889268086,-0.9124693118472724,0,1,0,1,0,29,124,0.8750449,0
320,-0.6332415402076021,-0.0668304393184996,0.7726984682087716,1,1,0,1,0,11,124,0.874976,1
321,-0.6332415402076021,-0.2350190080686664,1.155147893469718,1,1,0,1,0,11,124,0.874976,1
322,-0.3753698566547759,-0.2423697972146394,-0.840760044610845,0,1,0,1,0,28,26,0.8749657,1
323,-0.5043056984311891,0.363913239183982,-1.641513528750951,0,1,0,1,0,28,26,0.87496483,1
324,-0.5687736193193956,0.3517875784560095,-1.5817558060539283,0,1,0,1,0,28,26,0.87496483,0
325,-0.3753698566547759,-0.0415110544823707,0.0077996176868793,1,1,0,1,0,29,124,0.8749085,1
326,-0.4398377775429825,-0.2276682189226935,-0.3746498075740668,1,1,0,1,0,35,124,0.8748982,0
327,-0.3109019357665694,0.0444994612512782,1.310517972481977,1,1,0,1,1,41,26,0.87489253,0
328,-0.4398377775429825,-0.6619930511116748,-1.366628004344646,1,1,0,1,0,30,124,0.87487704,1
329,-0.5687736193193956,-1.7408627196129314,-1.366628004344646,1,1,0,1,0,11,124,0.8748729,1
330,-0.4398377775429825,-0.4336159695252511,-1.11564556901715,1,1,0,1,0,45,124,0.8748693,0
331,-0.4398377775429825,-0.0627466675707369,-1.6534650732903555,1,1,0,1,0,35,124,0.87486863,1
332,-0.5687736193193956,-0.4040243311683858,-1.2112579253323863,0,1,0,1,0,28,26,0.8748394,1
333,-0.3109019357665694,-0.0226000499273463,-1.259064103490005,0,1,0,1,0,28,26,0.8748394,1
334,-0.4398377775429825,-0.0912074152897603,-1.450288816120478,0,1,0,1,0,28,26,0.8748394,0
335,-0.5687736193193956,-0.0794587181077352,-1.0678393908595318,0,1,0,1,0,3,124,0.8746251,0
336,-0.5043056984311891,-0.0766314915131302,-0.2670859067194257,0,1,0,1,0,29,124,0.8746194,0
337,-0.3109019357665694,0.7419448485114954,0.9639231808392448,1,1,0,1,1,41,26,0.87461543,0
338,-0.3753698566547759,0.1678293680337128,1.6571127641247096,0,1,0,1,0,6,157,0.8746043,1
339,-0.6332415402076021,-0.0513121066770013,-0.9363724009260816,0,1,0,1,0,28,26,0.8745974,1
340,-0.6332415402076021,0.0256512839539117,-1.6295619842115463,0,1,0,1,0,28,26,0.87457657,1
341,-0.5043056984311891,-0.5031029164948755,1.1192932598515042,1,1,0,1,0,29,124,0.87454486,0
342,-0.5043056984311891,-0.0873749525726291,-0.6136806983621582,0,1,0,1,0,3,26,0.8744638,1
343,-0.5043056984311891,-0.3957311331575445,1.0834386262332905,1,1,0,1,1,41,124,0.87435263,1
344,-0.3753698566547759,-0.593322858491603,1.011729358996863,1,1,0,1,1,41,124,0.87435263,0
345,-0.3109019357665694,-0.2590190204939798,1.4419849624154275,1,1,0,1,1,41,124,0.87435263,1
346,-0.3109019357665694,-0.1595634716215427,1.4778395960336412,1,1,0,1,1,41,124,0.87435263,1
347,-0.4398377775429825,-0.3403174919032871,1.0475839926150767,1,1,0,1,1,41,124,0.87435263,0
348,-0.4398377775429825,-0.1747048407170937,1.095390170772695,1,1,0,1,1,41,124,0.87435263,0
349,-0.3753698566547759,-0.1577414811494639,1.1431963489303132,1,1,0,1,1,41,124,0.87435263,1
350,-0.4398377775429825,0.6168557785146399,-1.5100465388175008,0,1,0,1,0,29,124,0.8743139,1
351,-0.3109019357665694,0.1195780341524546,-0.3985528966528759,1,1,0,1,1,11,26,0.8743024,0
352,-0.6332415402076021,-0.0531969244067379,1.537597318730664,1,1,0,1,1,11,163,0.8742646,1
353,-0.4398377775429825,-0.160505880486411,0.127315063080925,0,1,0,1,1,41,26,0.8742615,1
354,-0.3753698566547759,-0.4299719885810936,-1.0439363017807226,1,1,0,1,0,28,26,0.8742098,1
355,-0.3753698566547759,0.3995991215336625,-1.366628004344646,1,1,0,1,0,28,26,0.8741962,1
356,-0.5043056984311891,0.035640817921516,1.6093065859670914,0,1,0,1,0,35,124,0.8741498,1
357,-0.3109019357665694,-0.5435008431688977,1.3941787842578093,1,1,0,1,0,3,26,0.87412965,1
358,-0.2464340148783628,1.0565209276045415,-1.2112579253323863,1,1,0,1,0,41,124,0.8741019,1
359,-0.3753698566547759,-0.2453226783245601,-0.0758611940889526,1,1,0,1,1,41,26,0.87408555,1
360,-0.3753698566547759,0.7761228766773866,-0.7690507773744176,1,1,0,1,0,28,26,0.8740034,1
361,-0.5687736193193956,0.664604494334635,-0.7929538664532267,1,1,0,1,0,28,26,0.8740034,0
362,-0.3753698566547759,0.7266149976429707,-0.6734384210591811,1,1,0,1,0,28,26,0.8740034,0
363,-0.6332415402076021,-0.4366945051504877,1.131244804390909,0,1,0,1,1,41,124,0.87399113,0
364,-0.4398377775429825,0.2007508510464462,0.8085531018269854,1,1,0,1,0,41,124,0.87393916,0
365,-0.4398377775429825,0.1457141733381361,0.7487953791299625,1,1,0,1,0,41,124,0.87393916,0
366,-0.5043056984311891,0.6582589413111883,-0.5300198865863263,1,1,0,1,0,28,26,0.8739017,1
367,-0.5687736193193956,0.3623425577425347,-0.6017291538227536,1,1,0,1,0,28,26,0.87388086,0
368,-0.4398377775429825,0.4296933779517909,-0.7092930546773948,1,1,0,1,0,28,26,0.87388086,0
369,0.7850527193329419,1.1712435000878456,1.7168704868217326,0,1,0,1,2,28,26,0.8738627,1
370,0.2048414313390829,0.7371699769294959,1.5734519523488777,0,1,0,1,0,28,26,0.8738348,0
371,-0.2464340148783628,-0.5018463713417177,1.2985664279425726,1,1,0,1,1,41,157,0.87381816,1
372,-0.6332415402076021,-0.1041498303672853,-0.5539229756651354,0,1,0,1,1,3,157,0.87379825,0
373,-0.3753698566547759,0.4078294922868458,-1.5339496278963098,1,1,0,1,0,29,124,0.87375945,0
374,-0.3753698566547759,-0.4196054910675421,0.4261036765660392,1,1,0,1,1,11,163,0.8737368,0
375,-0.6332415402076021,0.5096096496926248,-1.1036940244777456,1,1,0,1,0,28,26,0.8737339,0
376,-0.6332415402076021,-0.3449038817123129,0.1990243303173524,0,1,0,1,0,35,124,0.87372696,0
377,-0.5687736193193956,-0.5200662760625053,-0.7929538664532267,0,1,0,1,0,28,26,0.87371576,0
378,-0.6332415402076021,0.6992223133041314,-1.3905310934234552,1,1,0,1,0,35,124,0.8736681,1
379,-0.6332415402076021,-0.3649457769051793,0.2109758748567569,0,1,0,1,0,30,26,0.87363434,1
380,-0.4398377775429825,0.6362065738732695,0.1512181521597341,1,1,0,1,0,11,124,0.87362385,0
381,-0.5043056984311891,-1.7408627196129314,1.728822031361137,1,1,0,1,0,32,124,0.8736058,0
382,-0.3753698566547759,0.7107825287131828,0.6292799337359168,0,1,0,1,0,30,26,0.8735428,1
383,-0.3753698566547759,0.6861542437112906,-1.175403291714173,0,1,0,1,0,28,26,0.87354064,1
384,-0.6332415402076021,0.8101124230703042,-0.6495353319803719,1,1,0,1,0,28,26,0.8735405,1
385,-0.3753698566547759,0.1961016339797625,-1.6773681623691648,1,1,0,1,0,28,124,0.87352395,1
386,-0.5687736193193956,-0.2977206112112389,-1.6893197069085693,1,1,0,1,0,14,26,0.87350017,0
387,-0.3109019357665694,0.1401225474065841,-1.2949187371082185,1,1,0,1,1,11,26,0.8734806,0
388,-0.4398377775429825,0.2539027110250197,-0.8766146782290587,1,1,0,1,0,28,26,0.87344706,1
389,-0.3109019357665694,0.1824052918103429,1.7168704868217326,1,1,0,1,1,41,26,0.87344646,0
390,-0.3753698566547759,0.6424892996390583,0.6651345673541306,0,1,0,1,0,28,26,0.8733772,1
391,-0.4398377775429825,0.0104470876007028,-1.11564556901715,0,1,0,1,0,3,124,0.8732869,1
392,-0.3753698566547759,0.2431592499655208,-1.617610439672142,0,1,0,1,0,28,26,0.8732803,0
393,-0.3109019357665694,-0.1445477570413074,0.5934253001177031,1,1,0,1,1,41,26,0.87326235,1
394,-0.5043056984311891,0.0781120440982484,-0.6495353319803719,1,1,0,1,0,29,26,0.8732374,0
395,-0.3753698566547759,-0.1901603461009342,-1.6893197069085693,0,1,0,1,0,12,26,0.8732158,1
396,-0.3753698566547759,-0.3481080718528653,1.4419849624154275,0,1,0,1,1,41,157,0.87319684,1
397,-0.4398377775429825,0.3171069322288552,-0.6734384210591811,1,1,0,1,0,6,124,0.87318045,1
398,-0.5043056984311891,0.2432220772231786,-1.1395486580959593,1,1,0,1,0,3,124,0.8731473,1
399,-0.3109019357665694,-0.0482963983094226,1.6929673977429234,1,1,0,1,1,6,124,0.8731285,1
400,-0.6332415402076021,0.3107613792054085,-1.3068702816476232,1,1,0,1,0,30,26,0.873125,1
401,-0.6332415402076021,-0.1616995983819109,-1.3905310934234552,1,1,0,1,0,18,26,0.8731232,1
402,-0.5687736193193956,0.5435363688278844,-1.0439363017807226,1,1,0,1,0,28,26,0.8730995,0
403,-0.3753698566547759,0.3533582598974567,-1.0200332127019136,1,1,0,1,0,28,26,0.8730995,1
404,-0.3753698566547759,0.9820078000222864,-1.5817558060539283,0,1,0,1,0,28,26,0.8730945,0
405,1.3007960864385943,0.8027616339243312,1.513694229651855,0,1,0,1,0,28,122,0.8730611,1
406,-0.6332415402076021,1.2736519300702034,-1.5219980833569051,0,1,0,1,0,28,26,0.8730561,0
407,-0.4398377775429825,-0.0873749525726291,-0.7929538664532267,1,1,0,1,0,3,26,0.8730469,1
408,0.3982451940037026,0.2493791484736517,-0.56587452020454,1,1,0,1,0,13,124,0.8730219,0
409,-0.3109019357665694,-0.0459717897760808,-1.6893197069085693,0,1,0,1,1,46,124,0.8729824,1
410,-0.5043056984311891,-0.3698463030024946,-0.3029405403376394,1,1,0,1,0,3,26,0.8729611,0
411,-0.3753698566547759,0.8520810311857735,-1.4383372715810734,0,1,0,1,0,3,124,0.87293583,1
412,-0.5687736193193956,0.5332955258296487,0.1751212412385432,1,1,0,1,0,41,26,0.87291086,0
413,-0.6332415402076021,0.3162273506216448,0.3663459538690163,1,1,0,1,0,29,26,0.8728954,1
414,-0.6332415402076021,0.0900492230532472,0.904165458142222,1,1,0,1,0,29,26,0.8728954,0
415,-0.3753698566547759,0.0032219529700456,-0.5180683420469216,1,1,0,1,0,28,26,0.8728357,1
416,-0.6332415402076021,-1.7408627196129314,-1.3307733707264322,1,1,0,1,0,35,26,0.87280667,0
417,-0.5043056984311891,0.3776724086110595,-0.2670859067194257,1,1,0,1,0,29,124,0.8727286,1
418,-0.3753698566547759,0.8232433199208028,-0.7929538664532267,0,1,0,1,0,28,26,0.8727253,1
419,-0.5043056984311891,0.7939658178522269,-0.8885662227684633,0,1,0,1,0,28,26,0.8727253,0
420,-0.4398377775429825,0.7452746931673635,-0.8288085000714405,0,1,0,1,0,28,26,0.8727253,0
421,-0.4398377775429825,0.7814631935783071,-0.9722270345442952,0,1,0,1,0,28,26,0.8727253,0
422,-0.6332415402076021,0.8591805113011148,-1.0917424799383408,0,1,0,1,0,28,26,0.87270874,1
423,-0.4398377775429825,0.8938611575282691,-0.9483239454654862,0,1,0,1,0,41,26,0.87270266,1
424,-0.3753698566547759,0.2863844032341479,-0.8527115891502496,0,1,0,1,0,35,26,0.8726862,0
425,-0.3753698566547759,0.2895257661170423,0.5934253001177031,1,1,0,1,0,6,124,0.87267256,1
426,-0.5043056984311891,-0.2336996356578508,-1.5459011724357146,0,1,0,1,1,11,26,0.8726489,1
427,-0.5687736193193956,0.348143597511852,1.6332096750459006,0,1,0,1,0,4,124,0.87260705,0
428,-0.5687736193193956,0.4978609525105996,-0.7810023219138221,0,1,0,1,0,28,26,0.8726017,1
429,-0.4398377775429825,0.4764996849069177,-0.7331961437562039,0,1,0,1,0,28,26,0.8726017,0
430,-0.3753698566547759,0.6231385042804288,-0.5180683420469216,0,1,0,1,0,28,26,0.8726017,1
431,0.1403735104508764,-1.7408627196129314,1.3822272397184046,1,1,0,1,0,41,26,0.8725776,0
432,0.3982451940037026,1.040123013355833,1.537597318730664,1,1,0,1,2,41,26,0.8725644,0
433,-0.5687736193193956,0.3075571890648562,-1.1873548362535775,1,1,0,1,0,28,26,0.87250286,1
434,-0.5043056984311891,0.3284158386072751,-0.9602754900048908,1,1,0,1,0,30,26,0.8724881,0
435,-0.1819660939901563,-0.2464535689624021,-1.6773681623691648,0,1,0,1,0,23,124,0.8724516,1
436,-0.5687736193193956,0.050782187017067,0.3424428647902072,0,1,0,1,0,41,124,0.8724265,0
437,-0.5687736193193956,0.0338816547070951,0.4978129438024666,0,1,0,1,0,41,124,0.8724265,0
438,-0.5043056984311891,-0.3930295610782554,-0.7212445992167993,0,1,0,1,1,41,26,0.8723981,1
439,-0.6332415402076021,0.008059651809703,-0.6017291538227536,1,1,0,1,0,28,26,0.8723691,1
440,-0.3753698566547759,-0.0956681505834703,-0.3507467184952577,1,1,0,1,0,3,124,0.87233275,1
441,-0.5687736193193956,-0.1062231298699956,1.310517972481977,0,1,0,1,1,41,124,0.8723203,1
442,-0.5687736193193956,-0.2089456961406428,1.2149056161667406,0,1,0,1,1,41,124,0.8723203,0
443,-0.5687736193193956,1.0048140945520998,-1.175403291714173,1,1,0,1,0,28,26,0.8723161,1
444,-0.3753698566547759,1.036164896123386,-0.9961301236231044,1,1,0,1,0,28,26,0.8723161,0
445,-0.4398377775429825,0.6575050142192936,1.286614883403168,0,1,0,1,0,28,26,0.8723161,0
446,-0.4398377775429825,0.8870758137012172,-1.3307733707264322,1,1,0,1,0,28,26,0.8723161,1
447,-0.4398377775429825,-1.7408627196129314,-0.9961301236231044,0,1,0,1,0,35,26,0.8723006,0
448,-0.5043056984311891,-0.6330296853313884,-0.2790374512588303,1,1,0,1,1,11,124,0.8722309,0
449,-0.4398377775429825,-0.6384956567476247,-0.2790374512588303,1,1,0,1,0,18,124,0.8722003,1
450,-0.3753698566547759,0.6131489703128246,-1.031984757241318,0,1,0,1,0,41,124,0.8721466,1
451,-0.5043056984311891,0.1149288170857709,-1.2232094698717912,1,1,0,1,0,28,26,0.872133,0
452,-0.3753698566547759,-0.1316681692214403,1.621258130506496,1,1,0,1,0,30,124,0.8721132,1
453,-0.3109019357665694,0.7343427503348909,-0.8527115891502496,1,1,0,1,0,4,124,0.8720928,0
454,-0.5687736193193956,-0.215039940133458,0.4739098547236575,0,1,0,1,0,35,124,0.8720531,0
455,-0.3753698566547759,-0.136317386288124,1.1431963489303132,0,1,0,1,0,35,124,0.8720531,0
456,-0.4398377775429825,-0.5896788775474455,1.179050982548527,0,1,0,1,0,35,124,0.8720531,1
457,-0.4398377775429825,-0.2295530366524302,1.0595355371544812,0,1,0,1,0,35,124,0.8720531,0
458,-0.4398377775429825,0.2625100453241504,-1.11564556901715,0,1,0,1,0,28,26,0.87203526,0
459,-0.5687736193193956,0.2662796807836237,-1.1275971135565546,0,1,0,1,0,28,26,0.87203526,1
460,-0.5043056984311891,0.2427194591619156,-1.3068702816476232,0,1,0,1,0,28,26,0.87203526,1
461,-0.5043056984311891,0.1117246269452186,1.3822272397184046,1,1,0,1,0,30,26,0.8719912,1
462,-0.2464340148783628,-0.4011971045737808,-1.617610439672142,0,1,0,1,1,4,163,0.87196314,1
463,-0.3753698566547759,0.3132116422540661,-0.56587452020454,1,1,0,1,0,4,124,0.8719398,1
464,-0.3109019357665694,0.4052535747228724,0.3424428647902072,1,1,0,1,1,11,26,0.87191945,1
465,-0.3753698566547759,0.4731070129933917,-0.4344075302710897,1,1,0,1,0,28,26,0.87185305,0
466,-0.4398377775429825,0.3462587797821154,-0.4583106193498988,1,1,0,1,0,28,26,0.87185305,1
467,-0.6332415402076021,1.0420706583432275,-0.7212445992167993,1,1,0,1,0,28,26,0.8718479,1
468,0.0114376686744633,-0.3801499732583883,0.127315063080925,1,1,0,1,2,11,999,0.87183374,1
469,-0.5687736193193956,0.4686462776996816,-0.9005177673078678,0,1,0,1,0,28,26,0.87181354,1
470,-0.5043056984311891,0.2158922201419973,-0.5778260647439445,1,1,0,1,0,28,26,0.87181336,0
471,-0.1819660939901563,-0.1936158452721181,0.9758747253786492,1,1,0,1,1,41,26,0.87178624,0
472,-0.6332415402076021,0.707327029541999,-1.0797909353989363,1,1,0,1,0,3,124,0.8716813,1
473,-0.3109019357665694,-0.6405061289926771,1.2985664279425726,0,1,0,1,1,11,26,0.87165356,1
474,1.042924402885768,0.8181543120505138,1.179050982548527,1,1,0,1,0,43,26,0.8716487,1
475,-0.5043056984311891,0.5223007557395182,0.3902490429478255,0,1,0,1,0,29,124,0.8716096,1
476,-0.5687736193193956,0.3879132516092953,0.8802623690634128,0,1,0,1,0,29,124,0.8716096,0
477,-0.3753698566547759,-0.0898252156212867,-1.1515002026353638,0,1,0,1,0,45,124,0.8715989,0
478,-0.5687736193193956,-0.1923593001189603,0.1512181521597341,1,1,0,1,1,41,26,0.87157875,0
479,-0.3109019357665694,-0.3430818912402342,1.549548863270069,0,1,0,1,1,3,157,0.8715684,1
480,1.107392323773975,1.0026779677917317,-1.3307733707264322,1,1,0,1,0,8,124,0.8715673,1
481,-0.1819660939901563,-0.1603173987134373,1.1910025270879316,1,1,0,1,1,3,163,0.871516,1
482,0.5271810357801157,-1.7408627196129314,-1.3905310934234552,0,1,0,1,0,28,124,0.8714485,1
483,-0.3753698566547759,0.1326461037452954,-0.3746498075740668,0,1,0,1,0,29,124,0.87143946,1
484,-0.3109019357665694,-0.1165268001258892,-0.3029405403376394,0,1,0,1,1,11,26,0.87140954,0
485,-0.4398377775429825,1.4270760932707665,-1.3307733707264322,1,1,0,1,0,29,26,0.8713923,0
486,-0.3109019357665694,0.2682901530286761,1.728822031361137,1,1,0,1,1,41,124,0.87139183,1
487,-0.3753698566547759,1.2983430423297535,-1.6295619842115463,0,1,0,1,0,28,26,0.87137467,1
488,-0.5043056984311891,0.115431435147034,0.7726984682087716,0,1,0,1,0,41,124,0.8713665,1
489,-0.4398377775429825,0.3921226778723737,0.987826269918054,1,1,0,1,0,29,124,0.87136334,0
490,-0.3753698566547759,0.2008136783041041,1.011729358996863,1,1,0,1,0,29,124,0.87136334,1
491,-0.3753698566547759,0.1006042023397724,0.8444077354451991,1,1,0,1,0,29,124,0.87136334,1
492,0.6561168775565288,1.5022803206872588,0.7607469236693671,1,1,0,1,2,28,26,0.8713553,0
493,0.6561168775565288,1.4870132970763918,0.3543944093296118,1,1,0,1,2,28,26,0.8713553,1
494,-0.3109019357665694,-0.3494274442636809,0.0197511622262838,0,1,0,1,1,11,26,0.87134767,1
495,-0.6332415402076021,-0.2869143228940821,1.6690643086641144,0,1,0,1,0,28,124,0.8713253,1
496,-0.1819660939901563,-0.1031445942447591,1.3822272397184046,0,1,0,1,1,41,26,0.87130135,1
497,-0.3753698566547759,-0.2596472930705586,-0.6614868765197764,1,1,0,1,0,18,124,0.871276,1
498,-0.4398377775429825,-0.0490503254013173,-0.5778260647439445,1,1,0,1,0,18,124,0.871276,0
499,-0.3753698566547759,-0.6172600436592585,1.071487081693886,1,1,0,1,0,3,26,0.87127024,1
500,-0.2464340148783628,0.0109497056619659,1.4778395960336412,1,1,0,1,1,41,26,0.87125945,0
501,-0.3753698566547759,-0.1517100644143066,-0.840760044610845,0,1,0,1,0,18,124,0.87125593,1
502,-0.4398377775429825,-0.1626420072467792,-1.6534650732903555,1,1,0,1,0,46,124,0.8712392,0
503,-0.3109019357665694,0.4072012197102669,-1.5698042615145236,0,1,0,1,0,41,124,0.87120116,0
504,-0.5687736193193956,-0.2601499111318218,-1.4861434497386916,0,1,0,1,0,18,124,0.8711866,1
505,-0.6332415402076021,-0.1336786414664927,0.7487953791299625,0,1,0,1,0,28,26,0.8711176,1
506,-0.5687736193193956,-0.0175110420570574,-0.1117158277071663,1,1,0,1,0,3,124,0.87111586,1
507,-0.5687736193193956,-0.2329457085659561,-0.1236673722465709,1,1,0,1,0,3,124,0.87111586,1
508,-0.3753698566547759,0.883306178241744,-0.6017291538227536,0,1,0,1,0,28,26,0.87102336,0
509,-0.5687736193193956,1.012039229182757,-0.9363724009260816,0,1,0,1,0,28,26,0.87102336,0
510,-0.3753698566547759,0.9519135436041578,-0.5539229756651354,0,1,0,1,0,28,26,0.87102336,1
511,-0.5687736193193956,0.9078088087283204,-0.6136806983621582,0,1,0,1,0,28,26,0.87102336,0
512,-0.1819660939901563,-0.2106420320974058,1.728822031361137,1,1,0,1,1,10,124,0.8709865,1
513,0.6561168775565288,0.8426569425370902,0.9639231808392448,1,1,0,1,2,41,26,0.87096936,1
514,-0.3753698566547759,-0.0736786104032095,-0.8527115891502496,0,1,0,1,0,46,26,0.870968,0
515,-0.5043056984311891,-0.7525899566543497,-0.5061167975075171,1,1,0,1,0,28,124,0.87094206,1
516,-0.3753698566547759,0.1766251841058171,-0.8527115891502496,0,1,0,1,1,11,26,0.8708922,0
517,-0.4398377775429825,0.2535257474790723,-0.6136806983621582,0,1,0,1,0,28,26,0.87089014,1
518,0.0759055895626698,-0.2641080283642687,1.3224695170213818,0,1,0,1,0,46,26,0.870887,1
519,-0.4398377775429825,-0.0213435047741886,-0.2551343621800211,0,1,0,1,0,35,124,0.8708614,0
520,-0.5043056984311891,0.0877874417775632,-1.0678393908595318,0,1,0,1,0,28,26,0.8708387,0
521,0.6561168775565288,1.4713064826619198,1.4061303287972138,1,1,0,1,2,28,26,0.8708233,1
522,0.6561168775565288,1.4764583177898667,1.2507602497849544,1,1,0,1,2,28,26,0.8708233,0
523,-0.3753698566547759,-0.1518985461872803,1.2627117943243589,0,1,0,1,0,3,124,0.87082195,1
524,-0.5043056984311891,-0.2336368084001929,1.4180818733366185,0,1,0,1,0,3,124,0.87082195,0
525,-0.5043056984311891,0.666866275610319,-0.0400065604707389,1,1,0,1,0,28,26,0.8708125,0
526,-0.6332415402076021,-0.5158568497994268,1.0356324480756722,1,1,0,1,1,41,124,0.8708076,1
527,-0.5043056984311891,0.2799131956953854,-0.8527115891502496,0,1,0,1,0,3,124,0.87068176,1
528,-0.3753698566547759,0.771976277671966,-0.4105044411922806,0,1,0,1,0,28,26,0.8706817,1
529,0.2693093522272895,-0.2318148179281141,-1.701271251447974,1,1,0,1,1,41,124,0.8706749,1
530,-0.5687736193193956,0.4302588232707119,-0.1953766394829983,0,1,0,1,0,41,124,0.87065506,1
531,-0.5043056984311891,-0.6591658245170698,0.2946366866325889,1,1,0,1,0,3,124,0.8706481,1
532,-0.3109019357665694,-0.7315428253389571,0.5097644883418712,1,1,0,1,0,3,124,0.8706481,1
533,-0.5687736193193956,0.0537978953846456,-0.6136806983621582,0,1,0,1,0,3,124,0.8706451,1
534,-0.4398377775429825,-0.6018045382754179,0.6651345673541306,1,1,0,1,0,3,26,0.8706009,1
535,-0.4398377775429825,1.304374459064911,-0.5419714311257308,1,1,0,1,0,28,26,0.8705873,0
536,-0.4398377775429825,1.3146781293208043,-1.2471125589506002,1,1,0,1,0,28,26,0.8705873,1
537,-0.4398377775429825,0.359389676632614,-0.5061167975075171,0,1,0,1,0,28,26,0.87055635,1
538,-0.3753698566547759,0.3487718700884309,-0.4941652529681125,0,1,0,1,0,28,26,0.87055635,1
539,-0.3753698566547759,-0.1671655697981472,-0.3507467184952577,1,1,0,1,0,28,26,0.87054956,0
540,-0.4398377775429825,-1.7408627196129314,-1.2471125589506002,0,1,0,1,0,11,26,0.8705386,1
541,-0.5043056984311891,0.0705727731793018,-0.7331961437562039,0,1,0,1,0,28,26,0.87051624,0
542,-0.3753698566547759,0.1377979388732422,-0.7929538664532267,0,1,0,1,0,28,26,0.87051624,0
543,-0.3109019357665694,0.1156199169200077,-0.7092930546773948,0,1,0,1,0,28,26,0.87051624,0
544,-0.6332415402076021,-1.7408627196129314,-1.0797909353989363,1,1,0,1,0,41,124,0.8704959,0
545,-0.5043056984311891,0.7619239164467039,-0.8288085000714405,0,1,0,1,0,41,124,0.8704572,1
546,-0.4398377775429825,0.6673060664139242,-0.7810023219138221,0,1,0,1,0,41,124,0.8704572,0
547,-0.5687736193193956,-0.3509352984474702,-0.7690507773744176,0,1,0,1,0,45,124,0.8704503,1
548,-0.4398377775429825,-0.384799190325072,-0.1356189167859754,0,1,0,1,0,45,26,0.8704388,1
549,-0.4398377775429825,0.1748031936337384,-0.3507467184952577,0,1,0,1,0,41,26,0.8704374,1
550,-0.4398377775429825,0.1302586679542956,0.6292799337359168,0,1,0,1,1,11,26,0.8703898,0
551,-0.3109019357665694,-0.4739510689416153,0.043654251305093,0,1,0,1,1,3,163,0.87036705,0
552,-0.5043056984311891,-0.621469469922337,1.4778395960336412,1,1,0,1,0,29,124,0.870363,1
553,-0.4398377775429825,-0.1949980449405916,1.0834386262332905,1,1,0,1,0,5,26,0.87035125,1
554,0.6561168775565288,2.677966793239321,0.6890376564329397,1,1,0,1,2,28,26,0.87031347,1
555,-0.5043056984311891,-0.3410714189951818,-1.5817558060539283,0,1,0,1,0,30,124,0.8702959,0
556,-0.5687736193193956,-0.5169877404372688,-1.199306380792982,1,1,0,1,1,29,26,0.870261,1
557,-0.6332415402076021,1.4912227233394704,-0.482213708428708,1,1,0,1,0,41,26,0.87025565,0
558,-0.5687736193193956,0.4051279202075566,0.8563592799846036,1,1,0,1,1,11,26,0.87024504,1
559,-0.3109019357665694,0.5699866443018553,1.1192932598515042,0,1,0,1,1,41,26,0.8701546,1
560,-0.4398377775429825,0.7110338377438145,1.6810158532035189,0,1,0,1,0,28,26,0.8701351,0
561,-0.3109019357665694,-0.117783345279047,1.549548863270069,0,1,0,1,1,41,124,0.8701251,1
562,-0.3753698566547759,1.4399556810906335,-0.7690507773744176,1,1,0,1,0,41,26,0.87010956,1
563,-0.6332415402076021,0.5416515510981478,0.2826851420931844,1,1,0,1,0,3,122,0.8700512,1
564,-0.5687736193193956,-0.5951448489636818,0.3065882311719935,0,1,0,1,0,3,26,0.8700124,0
565,-0.4398377775429825,-0.6479197453963079,0.4500067656448483,0,1,0,1,0,3,26,0.8700124,0
566,-0.4398377775429825,-0.2357729351605611,0.4500067656448483,0,1,0,1,0,3,26,0.8700124,0
567,-0.3753698566547759,-0.3717939479898891,0.3543944093296118,0,1,0,1,0,3,26,0.8700124,0
568,-0.6332415402076021,0.3551802503695355,1.5017426851124502,0,1,0,1,0,28,26,0.86998403,0
569,-0.6332415402076021,0.5491908220170943,0.5575706664994895,0,1,0,1,0,28,26,0.86998403,0
570,-0.5043056984311891,0.2408974686898368,1.430033417876023,0,1,0,1,1,11,26,0.86995167,1
571,-0.3109019357665694,-0.2881708680472399,-0.3029405403376394,1,1,0,1,1,41,26,0.8699415,0
572,-0.3109019357665694,-0.4793542131001937,-0.3626982630346623,1,1,0,1,1,41,26,0.8699415,0
573,-0.6332415402076021,0.6980914226662894,-0.14757046132538,0,1,0,1,0,28,26,0.869938,0
574,-0.4398377775429825,-0.5409249256049242,-0.7929538664532267,1,1,0,1,1,29,26,0.8699374,1
575,-0.5043056984311891,0.031682700689069,-1.031984757241318,0,1,0,1,0,3,124,0.86984664,0
576,-0.6332415402076021,-0.3865583535394928,1.3941787842578093,0,1,0,1,0,30,124,0.86983067,0
577,-0.6332415402076021,0.4695886865645499,-0.2909889957982349,0,1,0,1,0,28,26,0.86981213,1
578,-0.3753698566547759,-0.5644851472266323,1.6332096750459006,0,1,0,1,1,3,163,0.869767,1
579,-0.4398377775429825,0.4338399769572115,0.7726984682087716,0,1,0,1,0,41,124,0.86975473,0
580,-0.5687736193193956,-0.1456786476791494,-1.725174340526783,1,1,0,1,0,23,124,0.8697538,0
581,-0.4398377775429825,0.790510318681043,0.0317027067656884,1,1,0,1,0,28,26,0.8697357,0
582,-0.3753698566547759,0.11882410706056,-0.8885662227684633,0,1,0,1,0,28,26,0.8697171,0
583,-0.3753698566547759,-0.3438986455897868,1.071487081693886,1,1,0,1,1,29,26,0.8697005,1
584,-0.4398377775429825,-0.2165477943172473,-0.6136806983621582,0,1,0,1,0,46,26,0.869684,0
585,0.8495206402211485,1.2600184151584417,0.5097644883418712,1,1,0,1,2,29,26,0.86968136,0
586,-0.5687736193193956,-0.1569247267999114,0.653183022814726,1,1,0,1,0,35,124,0.8696707,1
587,-0.5043056984311891,-0.6572181795296753,-0.4941652529681125,1,1,0,1,0,46,124,0.86963546,0
588,-0.2464340148783628,0.5106777130728088,0.8683108245240082,1,1,0,1,1,11,163,0.86962813,1
589,-0.4398377775429825,0.7463427565475476,1.370275695179,0,1,0,1,0,28,26,0.8696089,1
590,-0.5687736193193956,0.6894212611095009,0.485861399263062,0,1,0,1,0,28,26,0.8696089,0
591,-0.3753698566547759,0.6637877399850824,1.3344210615607863,0,1,0,1,0,28,26,0.8696089,0
592,-0.5687736193193956,0.7359134317763382,1.4061303287972138,0,1,0,1,0,28,26,0.8696089,0
593,-0.3753698566547759,0.7165626364177086,-0.2192797285618074,1,1,0,1,0,28,26,0.86960834,0
594,-0.6332415402076021,0.9000182287787422,0.9758747253786492,0,1,0,1,0,28,26,0.8695919,0
595,-0.4398377775429825,-0.5127154869165325,0.0317027067656884,1,1,0,1,0,28,26,0.86954135,0
596,-0.5043056984311891,0.8263846828036971,-0.2670859067194257,1,1,0,1,0,28,26,0.8695381,1
597,-0.4398377775429825,0.6666777938373453,-0.3866013521134714,1,1,0,1,0,28,26,0.8695381,1
598,-0.5687736193193956,-0.3636892317520215,-1.3068702816476232,1,1,0,1,0,30,124,0.86950284,0
599,-0.5043056984311891,0.3535467416704304,-0.1953766394829983,1,1,0,1,0,28,26,0.86948216,1
600,-0.5043056984311891,0.5577353290585672,-0.1595220058647846,1,1,0,1,0,28,26,0.86948216,1
601,-0.3753698566547759,0.4460284649428419,-0.1236673722465709,1,1,0,1,0,28,26,0.86948216,1
602,-0.3753698566547759,0.3623425577425347,-0.2192797285618074,1,1,0,1,0,28,26,0.86948216,0
603,-0.5043056984311891,0.7592223443674146,-0.0878127386283572,0,1,0,1,0,28,26,0.86943644,0
604,-0.3753698566547759,-0.1235634529835727,-1.641513528750951,1,1,0,1,1,4,163,0.8694341,1
605,-0.4398377775429825,0.6577563232499252,-0.3507467184952577,1,1,0,1,0,28,26,0.8694333,1
606,-0.4398377775429825,-0.2841499235571351,0.4619583101842529,0,1,0,1,0,28,26,0.86941427,0
607,-0.3753698566547759,-0.1109980014519951,0.8444077354451991,0,1,0,1,0,28,26,0.86941427,0
608,-0.4398377775429825,-0.1113749649979424,1.0834386262332905,0,1,0,1,0,28,26,0.86941427,0
609,-0.5043056984311891,-0.1872074649910135,0.8324561909057945,0,1,0,1,0,28,26,0.86941427,1
610,-0.3753698566547759,-0.1949980449405916,1.23880870524555,0,1,0,1,0,28,26,0.86941427,1
611,-0.5687736193193956,-0.1167152818988629,0.8444077354451991,0,1,0,1,0,28,26,0.86941427,1
612,-0.3753698566547759,-0.2871028046670558,0.2109758748567569,0,1,0,1,0,28,26,0.86941427,1
613,-0.3753698566547759,-0.0286314666625036,0.7846500127481763,0,1,0,1,0,28,26,0.86941427,0
614,-0.3753698566547759,-0.7283386351984048,0.7129407455117488,1,1,0,1,1,11,124,0.8694122,0
615,-0.5687736193193956,0.5537772118261202,-0.314892084877044,1,1,0,1,0,28,26,0.8694118,0
616,-0.3753698566547759,-0.207751978245143,-0.3507467184952577,1,1,0,1,0,45,26,0.86939204,0
617,-0.5687736193193956,0.3991593307300572,-0.9483239454654862,0,1,0,1,1,11,26,0.86938536,0
618,-0.4398377775429825,0.2393267872483896,-1.282967192568814,1,1,0,1,1,35,26,0.8693838,0
619,-0.3753698566547759,0.9456936450960268,-1.4383372715810734,0,1,0,1,0,41,26,0.869379,0
620,0.6561168775565288,1.6102175493435107,0.1990243303173524,1,1,0,1,2,28,26,0.86936617,0
621,0.6561168775565288,1.9328355174167664,0.4619583101842529,1,1,0,1,2,28,26,0.86936617,1
622,0.6561168775565288,1.6249191276354564,0.7248922900511534,1,1,0,1,2,28,26,0.86936617,0
623,-0.5043056984311891,0.6665521393220295,0.5336675774206803,1,1,0,1,0,28,26,0.8693593,0
624,-0.4398377775429825,0.821421329448724,1.2149056161667406,1,1,0,1,0,28,26,0.8693593,1
625,-0.4398377775429825,0.672520728799529,1.537597318730664,1,1,0,1,0,28,26,0.8693593,0
626,-0.3753698566547759,0.8019448795747787,0.6053768446571077,1,1,0,1,0,28,26,0.8693593,0
627,-0.5043056984311891,0.7110338377438145,0.8444077354451991,1,1,0,1,0,28,26,0.8693593,1
628,-0.5043056984311891,0.7366045316105749,0.5814737555782986,1,1,0,1,0,28,26,0.8693593,1
629,-0.1819660939901563,-0.2546211124579276,1.6451612195853051,1,1,0,1,1,11,163,0.8693568,1
630,-0.5043056984311891,-0.4212389997666472,1.370275695179,0,1,0,1,1,5,157,0.8693422,0
631,1.171860244662181,1.5103850369251264,0.3663459538690163,1,1,0,1,2,29,26,0.869329,1
632,-0.4398377775429825,-0.4640871894893269,-0.14757046132538,0,1,0,1,1,41,26,0.8693135,1
633,-0.5687736193193956,1.1799136616446342,-0.9602754900048908,0,1,0,1,0,28,26,0.8692797,1
634,-0.4398377775429825,1.0347198691972546,1.7168704868217326,1,1,0,1,0,28,26,0.8692794,1
635,-0.3753698566547759,-0.1804849484216195,-0.0161034713919298,0,1,0,1,0,28,26,0.86924165,1
636,-0.3753698566547759,-0.07901892730413,-0.0161034713919298,0,1,0,1,0,28,26,0.86924165,1
637,-0.3753698566547759,-0.1458043021944652,0.0675573403839021,0,1,0,1,0,28,26,0.86924165,0
638,-0.4398377775429825,-0.6142443352916798,-0.0878127386283572,0,1,0,1,0,28,26,0.86924165,0
639,-0.3753698566547759,-0.2192493663965365,-0.0519581050101435,0,1,0,1,0,28,26,0.86924165,0
640,-0.5687736193193956,-0.1795425395567511,-0.063909649549548,0,1,0,1,0,28,26,0.86924165,0
641,-0.3753698566547759,-0.3249248137771045,-0.3268436294164485,0,1,0,1,0,28,26,0.86924165,0
642,-0.3753698566547759,-0.2154169036794053,-1.4024826379628597,1,1,0,1,1,3,26,0.8692143,1
643,-0.0530302522137432,0.0237664662241751,-0.063909649549548,0,1,0,1,0,28,124,0.8692067,1
644,-0.3753698566547759,-0.1383906857908343,1.4180818733366185,1,1,0,1,0,28,26,0.8691644,1
645,-0.3753698566547759,-0.4833751575902986,1.4778395960336412,1,1,0,1,0,28,26,0.8691644,0
646,-0.4398377775429825,-0.2129666406307477,1.6093065859670914,1,1,0,1,0,28,26,0.8691644,1
647,-0.4398377775429825,0.9306779305157916,-1.6056588951327373,0,1,0,1,0,41,124,0.8691451,0
648,-0.6332415402076021,-0.1968200354126704,-1.3068702816476232,0,1,0,1,0,28,124,0.86911154,1
649,-0.6332415402076021,-0.2607781837084006,-1.2949187371082185,0,1,0,1,0,28,124,0.86911154,0
650,-0.6332415402076021,-0.2555635213227959,-1.4263857270416689,0,1,0,1,0,28,124,0.86911154,1
651,-0.5687736193193956,-0.1397728854593079,1.621258130506496,0,1,0,1,0,28,124,0.8690964,1
652,-0.2464340148783628,-0.4776578771434308,1.6451612195853051,1,1,0,1,1,3,26,0.8690535,0
653,-0.2464340148783628,1.1140706956191673,-1.617610439672142,0,1,0,1,0,28,124,0.8690459,1
654,-0.6332415402076021,-0.374684001842152,-1.0797909353989363,1,1,0,1,0,30,124,0.8690259,1
655,-0.3753698566547759,0.2083529492230507,1.310517972481977,1,1,0,1,0,3,124,0.86899847,1
656,-0.3753698566547759,-0.3327782209843405,-0.5419714311257308,1,1,0,1,0,38,26,0.8689809,0
657,-0.5687736193193956,0.8754527710345079,-0.4105044411922806,0,1,0,1,0,28,26,0.8689565,0
658,-0.4398377775429825,0.8669710912506929,-0.4941652529681125,0,1,0,1,0,28,26,0.8689565,0
659,-0.6332415402076021,-0.3299509943897356,0.82050464636639,0,1,0,1,0,45,124,0.86894697,0
660,-0.5687736193193956,0.2259445813672594,0.6292799337359168,1,1,0,1,0,41,26,0.8689378,0
661,-0.3109019357665694,-0.2775530615030568,1.095390170772695,1,1,0,1,1,35,26,0.86888987,1
662,-0.2464340148783628,0.6129604885398509,1.6332096750459006,1,1,0,1,1,11,26,0.8688829,1
663,-0.3109019357665694,0.0481434421954357,1.6810158532035189,0,1,0,1,1,3,26,0.8688805,1
664,-0.4398377775429825,-0.4012599318314387,1.4778395960336412,0,1,0,1,0,18,26,0.86885524,0
665,-0.5043056984311891,-0.330830575996946,1.621258130506496,1,1,0,1,0,28,124,0.868846,1
666,-0.3753698566547759,-0.1895949007820133,1.5854034968882822,1,1,0,1,0,28,124,0.868846,0
667,-0.5043056984311891,-1.7408627196129314,1.2627117943243589,0,1,0,1,0,41,26,0.8688279,0
668,0.6561168775565288,2.138406304473377,1.3583241506395956,1,1,0,1,2,28,26,0.8688273,0
669,0.6561168775565288,1.6781338148716878,1.537597318730664,1,1,0,1,2,28,26,0.8688273,1
670,-0.5687736193193956,-1.7408627196129314,-1.3307733707264322,1,1,0,1,0,29,124,0.86881775,1
671,-0.3753698566547759,0.0118292872691763,-0.7690507773744176,1,1,0,1,0,46,26,0.8687475,1
672,-0.4398377775429825,0.0874733054892737,-0.757099232835013,1,1,0,1,0,35,124,0.86874646,0
673,-0.6332415402076021,-0.3095949629085798,-0.1714735504041891,1,1,0,1,0,28,26,0.8687198,0
674,-0.6332415402076021,0.3525415055479042,-0.3746498075740668,1,1,0,1,0,3,124,0.86871517,1
675,-0.4398377775429825,-0.2039823427856696,-0.0997642831677617,0,1,0,1,0,18,26,0.868682,0
676,-0.5043056984311891,0.450991818297815,1.549548863270069,0,1,0,1,0,29,124,0.8686708,0
677,-0.4398377775429825,0.3737142913786125,1.537597318730664,0,1,0,1,0,29,124,0.8686708,1
678,-0.5687736193193956,-0.3153750706131055,-1.4861434497386916,0,1,0,1,0,28,124,0.8686692,0
679,-0.5687736193193956,-0.3165059612509475,0.9161170026816264,1,1,0,1,1,41,124,0.8686611,0
680,-0.5687736193193956,-0.3134902528833688,-1.031984757241318,1,1,0,1,0,46,26,0.86863303,0
681,-0.6332415402076021,-1.7408627196129314,-1.701271251447974,1,1,0,1,0,35,124,0.86862427,1
682,-0.2464340148783628,0.5688557536640133,1.155147893469718,1,1,0,1,1,41,26,0.86860245,0
683,0.6561168775565288,2.677966793239321,-0.0758611940889526,1,1,0,1,2,28,26,0.8686012,0
684,-0.1819660939901563,-0.0665163030302102,1.7168704868217326,1,1,0,1,1,4,124,0.868593,1
685,-0.3109019357665694,1.0458402938027007,-0.5778260647439445,1,1,0,1,1,29,26,0.86856025,1
686,-0.5043056984311891,0.0255884566962538,-0.2073281840224029,0,1,0,1,0,30,26,0.86854875,1
687,-0.4398377775429825,0.5304682992350437,1.6690643086641144,1,1,0,1,0,28,26,0.86854804,0
688,-0.3109019357665694,-0.010977007260637,-0.9005177673078678,1,1,0,1,1,41,26,0.86849064,1
689,-0.3753698566547759,-0.5296160192265044,1.549548863270069,1,1,0,1,1,3,157,0.86848086,1
690,0.2693093522272895,0.9443114454275534,1.2268571607061451,0,1,0,1,0,8,124,0.8684651,1
691,-0.5043056984311891,0.9239554139463976,-0.2192797285618074,1,1,0,1,0,41,124,0.8684527,1
692,-0.6332415402076021,1.5477044279739118,-1.6056588951327373,0,1,0,1,0,28,26,0.86845076,0
693,-0.3753698566547759,0.4545101447266568,-0.0997642831677617,0,1,0,1,0,41,124,0.86843556,1
694,-0.3753698566547759,-1.7408627196129314,-0.6734384210591811,1,1,0,1,0,41,124,0.86842656,0
695,-0.4398377775429825,-0.2536158763354014,0.7248922900511534,1,1,0,1,0,5,124,0.8684031,1
696,-0.1819660939901563,-0.1480660834701491,-1.6654166178297602,1,1,0,1,1,6,163,0.86839706,1
697,-0.3753698566547759,-0.6596056153206751,1.1073417153120997,1,1,0,1,1,29,26,0.8683832,1
698,-0.3753698566547759,-0.3888829620728347,-0.9841785790836998,1,1,0,1,0,30,124,0.8683714,0
699,-0.4398377775429825,-0.0717309654158149,-0.9005177673078678,1,1,0,1,0,30,124,0.8683714,0
700,-0.3753698566547759,0.7963532536432266,-1.725174340526783,0,1,0,1,1,41,124,0.8683397,1
701,-0.5687736193193956,-0.1550399090701747,1.3941787842578093,1,1,0,1,0,3,124,0.8683133,1
702,-0.5687736193193956,-0.602872601655602,1.370275695179,1,1,0,1,0,3,124,0.8683133,0
703,-0.5687736193193956,-0.5149144409345585,1.2507602497849544,1,1,0,1,0,3,124,0.8683133,1
704,-0.6332415402076021,-0.2326315722776667,-1.3785795488840509,1,1,0,1,1,4,26,0.86831015,0
705,-0.3109019357665694,0.1259864144335592,1.6093065859670914,0,1,0,1,1,41,124,0.86830366,1
706,-0.4398377775429825,0.3569394135839563,0.5814737555782986,0,1,0,1,0,28,26,0.8682681,0
707,-0.4398377775429825,0.432457777288738,0.5575706664994895,0,1,0,1,0,28,26,0.8682681,0
708,-0.5043056984311891,0.4966044073574419,0.736843834590558,0,1,0,1,0,28,26,0.8682681,0
709,-0.4398377775429825,0.4822169653537855,0.2946366866325889,0,1,0,1,0,28,26,0.8682681,1
710,-0.5687736193193956,0.5590547014693827,1.1910025270879316,0,1,0,1,0,28,26,0.8682681,1
711,-0.5687736193193956,0.4826567561573907,0.6890376564329397,0,1,0,1,0,28,26,0.8682681,0
712,-0.3753698566547759,0.5473688315450156,0.9758747253786492,0,1,0,1,0,28,26,0.8682681,1
713,-0.5043056984311891,0.4432640656058948,0.3663459538690163,0,1,0,1,0,28,26,0.8682681,1
714,-0.3753698566547759,0.5442274686621211,1.4658880514942365,0,1,0,1,0,28,26,0.8682681,0
715,-0.4398377775429825,0.4535049086041305,1.3941787842578093,0,1,0,1,0,28,26,0.8682681,0
716,-0.4398377775429825,0.4134211182183979,0.2468305084749706,0,1,0,1,0,28,26,0.8682681,1
717,-0.5687736193193956,0.3300493473063802,0.3065882311719935,0,1,0,1,0,28,26,0.8682681,1
718,-0.5687736193193956,0.7631804615998616,-0.14757046132538,0,1,0,1,0,28,26,0.8682215,0
719,-0.3753698566547759,0.7243532163672867,-0.3985528966528759,0,1,0,1,0,28,26,0.8682215,0
720,-0.3753698566547759,0.8136935767568038,-0.2073281840224029,0,1,0,1,0,28,26,0.8682215,0
721,0.0114376686744633,-0.2298671729407196,0.4500067656448483,0,1,0,1,0,46,124,0.8681303,0
722,-0.6332415402076021,-0.1741393953981727,-1.6893197069085693,1,1,0,1,0,33,124,0.8681201,1
723,-0.5687736193193956,-0.1068514024465745,0.6890376564329397,0,1,0,1,0,30,124,0.868113,1
724,-0.3753698566547759,0.3690022470542709,-0.1236673722465709,0,1,0,1,0,28,26,0.8680942,1
725,-0.3753698566547759,0.5841856045325381,0.0675573403839021,0,1,0,1,0,28,26,0.8680942,0
726,-0.5043056984311891,0.5356829616206483,0.0317027067656884,0,1,0,1,0,28,26,0.8680942,0
727,-0.4398377775429825,0.5981960829902472,-0.1953766394829983,0,1,0,1,0,28,26,0.8680942,1
728,-0.3753698566547759,0.485860946297943,-0.3746498075740668,0,1,0,1,0,28,26,0.8680942,1
729,-0.5043056984311891,0.5992641463704312,-0.3626982630346623,0,1,0,1,0,28,26,0.8680942,0
730,-0.5043056984311891,-0.2485896957227703,0.5336675774206803,0,1,0,1,0,3,124,0.8680598,0
731,-0.4398377775429825,-0.1363802135457819,0.2707335975537798,0,1,0,1,0,3,124,0.8680598,1
732,-0.5043056984311891,0.4036200660237673,0.6053768446571077,1,1,0,1,0,28,26,0.86801636,0
733,-0.4398377775429825,0.4517457453897097,1.155147893469718,1,1,0,1,0,28,26,0.86801636,1
734,-0.4398377775429825,0.3910546144921897,1.286614883403168,1,1,0,1,0,28,26,0.86801636,1
735,-0.4398377775429825,0.3595781584055876,0.5456191219600849,1,1,0,1,0,28,26,0.86801636,0
736,-0.5043056984311891,0.5069080776133356,0.7846500127481763,1,1,0,1,0,28,26,0.86801636,0
737,-0.3753698566547759,0.4323949500310801,0.6412314782753215,1,1,0,1,0,28,26,0.86801636,1
738,-0.3753698566547759,0.5514526032927783,0.7846500127481763,1,1,0,1,0,28,26,0.86801636,1
739,-0.3753698566547759,0.9122695440220304,0.0317027067656884,1,1,0,1,0,28,26,0.8679998,0
740,-0.2464340148783628,0.0096931605088081,0.7726984682087716,1,1,0,1,1,11,26,0.8679955,1
741,-0.3753698566547759,-0.1557310089044115,0.2468305084749706,1,1,0,1,1,29,26,0.8679859,1
742,-0.2464340148783628,-0.6286946045529941,-0.1356189167859754,1,1,0,1,1,29,26,0.86798376,0
743,-0.6332415402076021,-0.046977025898607,-0.7092930546773948,0,1,0,1,0,28,124,0.86794406,1
744,-0.2464340148783628,-0.5274170652084783,1.4778395960336412,1,1,0,1,1,41,124,0.8679262,0
745,-0.6332415402076021,-0.0166942877075048,0.0197511622262838,0,1,0,1,1,29,26,0.8678831,1
746,-0.5687736193193956,0.8501962134560368,0.4619583101842529,0,1,0,1,0,28,26,0.86787146,0
747,-0.4398377775429825,0.8474946413767477,0.7009892009723443,0,1,0,1,0,28,26,0.86787146,1
748,-0.3753698566547759,0.8586150659821938,1.310517972481977,0,1,0,1,0,28,26,0.86787146,0
749,-0.3753698566547759,0.9814423547033652,0.1990243303173524,0,1,0,1,0,28,26,0.86787146,1
750,-0.3753698566547759,0.8669710912506929,0.2348789639355661,0,1,0,1,0,28,26,0.86787146,0
751,-0.3753698566547759,0.6878505796680536,0.5456191219600849,1,1,0,1,1,29,26,0.8678714,0
752,-0.3753698566547759,-0.553427549878844,-1.1395486580959593,1,1,0,1,0,28,124,0.8678677,0
753,-0.4398377775429825,-0.1718147868648309,-1.366628004344646,1,1,0,1,0,28,124,0.8678677,1
754,-0.5687736193193956,-0.2115216137046162,-1.2232094698717912,1,1,0,1,0,28,124,0.8678677,0
755,-0.3753698566547759,-0.3716682934745733,-1.0678393908595318,1,1,0,1,0,28,124,0.8678677,1
756,-0.4398377775429825,-0.0747466737833936,-1.0678393908595318,1,1,0,1,0,28,124,0.8678677,0
757,-0.4398377775429825,-0.0471655076715806,0.5336675774206803,1,1,0,1,0,30,124,0.8678611,1
758,-0.4398377775429825,1.1317879822786918,1.0834386262332905,1,1,0,1,0,28,26,0.86782604,1
759,-0.3109019357665694,1.131725155021034,1.3463726061001908,1,1,0,1,0,28,26,0.86782604,1
760,-0.3753698566547759,0.1311382495615061,-1.11564556901715,1,1,0,1,1,3,163,0.8678081,1
761,-0.6332415402076021,0.1599131335688189,-1.6654166178297602,1,1,0,1,0,29,124,0.8678011,1
762,0.5916489566683223,1.498259376197154,0.6890376564329397,1,1,0,1,2,28,26,0.8677724,0
763,0.5916489566683223,1.4806049167952873,0.569522211038894,1,1,0,1,2,28,26,0.8677724,0
764,0.5916489566683223,1.3893797386760336,0.5217160328812758,1,1,0,1,2,28,26,0.8677724,0
765,-0.4398377775429825,0.189630426441,0.485861399263062,0,1,0,1,0,6,26,0.86776304,1
766,-0.3109019357665694,-0.5245270113562154,0.0795088849233067,0,1,0,1,1,11,26,0.86775655,0
767,-0.3753698566547759,0.2933582288341735,-0.0400065604707389,1,1,0,1,0,28,26,0.867735,1
768,-0.5687736193193956,0.3137142603153293,-0.1595220058647846,1,1,0,1,0,28,26,0.867735,1
769,-0.5687736193193956,-0.014369679174163,-1.6773681623691648,1,1,0,1,1,41,26,0.86772734,0
770,-0.6332415402076021,-1.7408627196129314,-0.9124693118472724,0,1,0,1,0,41,26,0.86772317,0
771,-0.3109019357665694,0.3218189765531968,1.6571127641247096,1,1,0,1,1,11,124,0.8677139,1
772,0.5916489566683223,0.642175163350769,1.7168704868217326,0,1,0,1,2,28,26,0.86766994,0
773,-0.5687736193193956,-0.6288202590683099,0.1392666076203295,1,1,0,1,0,4,26,0.86765856,1
774,-0.3753698566547759,0.4759970668456545,-1.6893197069085693,1,1,0,1,0,41,157,0.86765075,0
775,-0.5687736193193956,-0.7466213671768502,1.131244804390909,0,1,0,1,1,41,124,0.867628,0
776,-0.5043056984311891,0.894489430104848,1.6332096750459006,1,1,0,1,0,28,26,0.86761916,0
777,-0.4398377775429825,0.9385941649806856,0.9400200917604355,1,1,0,1,0,28,26,0.86761916,0
778,-0.5043056984311891,0.9642905133627618,0.987826269918054,1,1,0,1,0,28,26,0.86761916,1
779,-0.3753698566547759,0.8424056335064587,1.1431963489303132,1,1,0,1,0,28,26,0.86761916,1
780,-0.5043056984311891,1.010719856771941,1.131244804390909,1,1,0,1,0,28,26,0.86761916,0
781,-0.3753698566547759,0.851201449578563,1.2627117943243589,1,1,0,1,0,28,26,0.86761916,0
782,-0.3753698566547759,0.9123951985373462,1.621258130506496,1,1,0,1,0,28,26,0.86761916,1
783,0.7850527193329419,1.3862383757931391,0.0914604294627113,1,1,0,1,2,28,26,0.8675911,1
784,0.913988561109355,0.5786568058586439,-0.4105044411922806,1,1,0,1,2,2,26,0.8675418,1
785,-0.3753698566547759,-0.1264535068358356,-0.7810023219138221,1,1,0,1,0,28,124,0.86753905,0
786,-0.3753698566547759,-0.1113121377402845,1.6451612195853051,0,1,0,1,0,28,26,0.8675053,0
787,-0.5043056984311891,-0.2028514521478277,-1.199306380792982,0,1,0,1,0,46,26,0.8674911,0
788,-0.5687736193193956,-0.7038988319694863,-1.1634517471747683,0,1,0,1,0,46,26,0.8674911,1
789,-0.5687736193193956,-0.0275005760246616,-1.282967192568814,0,1,0,1,0,28,124,0.8673858,0
790,-0.4398377775429825,-0.0898252156212867,-1.3905310934234552,0,1,0,1,0,28,124,0.8673858,0
791,-0.4398377775429825,-0.1131969554700212,-1.3307733707264322,0,1,0,1,0,28,124,0.8673858,0
792,-0.4398377775429825,-0.0171340785111101,-1.2949187371082185,0,1,0,1,0,28,124,0.8673858,1
793,-0.3753698566547759,-0.0517518974806065,-1.11564556901715,0,1,0,1,0,28,124,0.8673858,1
794,-0.5043056984311891,-0.4618882354713008,-1.11564556901715,0,1,0,1,0,28,124,0.8673858,0
795,-0.6332415402076021,-0.0618042587058686,-1.2351610144111955,1,1,0,1,0,28,124,0.8673856,1
796,-0.6332415402076021,-0.4616997536983271,-1.3068702816476232,1,1,0,1,0,28,124,0.8673856,0
797,-0.4398377775429825,0.4478504554149206,-0.0519581050101435,1,1,0,1,1,29,26,0.86737585,0
798,0.8495206402211485,2.429422161944715,0.0795088849233067,1,1,0,1,2,28,26,0.867358,1
799,-0.5687736193193956,0.1237246331578752,-0.14757046132538,1,1,0,1,0,28,26,0.8673534,0
800,-0.4398377775429825,-0.2512912678020595,0.1392666076203295,1,1,0,1,1,41,26,0.867346,1
801,-0.3109019357665694,0.8348035353298542,1.2627117943243589,1,1,0,1,1,29,26,0.8673273,1
802,-0.3753698566547759,0.4335258406689221,-0.2790374512588303,1,1,0,1,0,18,26,0.8673049,0
803,-0.5043056984311891,0.1761853933022119,-0.3866013521134714,1,1,0,1,0,28,26,0.86728215,1
804,-0.5043056984311891,0.159850306311161,-0.2670859067194257,1,1,0,1,0,28,26,0.86728215,0
805,-0.4398377775429825,0.0287298195791482,-0.2431828176406166,1,1,0,1,0,28,26,0.86728215,1
806,-0.3753698566547759,0.0844575971216951,-0.2551343621800211,1,1,0,1,0,28,26,0.86728215,1
807,0.7205847984447353,1.585212300795671,0.1034119740021158,1,1,0,1,2,28,26,0.8672633,1
808,-0.4398377775429825,-1.7408627196129314,1.011729358996863,0,1,0,1,0,41,124,0.86724573,0
809,-0.3753698566547759,-0.0429560814085021,0.4978129438024666,1,1,0,1,0,3,124,0.86723197,1
810,-0.2464340148783628,-0.3591656692006536,1.7168704868217326,1,1,0,1,1,13,124,0.86723024,0
811,-0.4398377775429825,-0.0230398407309516,0.8683108245240082,0,1,0,1,0,3,124,0.86721456,0
812,-0.6332415402076021,0.0100072967970976,0.6173283891965123,1,1,0,1,0,30,26,0.8671979,0
813,-0.5043056984311891,1.170615227511267,-0.4224559857316851,0,1,0,1,0,28,26,0.8671891,1
814,-0.5687736193193956,-0.6721710668522527,1.6451612195853051,0,1,0,1,0,28,124,0.86718345,0
815,-0.5687736193193956,0.0148449956367549,0.8324561909057945,0,1,0,1,0,28,26,0.8671833,1
816,-0.6332415402076021,0.2244367271834701,-1.3307733707264322,0,1,0,1,1,35,26,0.867181,1
817,0.7205847984447353,1.587599736586671,0.2946366866325889,1,1,0,1,2,28,26,0.8671723,0
818,-0.6332415402076021,0.9482695626600004,-0.063909649549548,1,1,0,1,0,28,26,0.8671701,0
819,-0.6332415402076021,1.3916415199517176,-1.175403291714173,0,1,0,1,0,28,26,0.8671655,1
820,-0.6332415402076021,1.615118075440826,-1.366628004344646,0,1,0,1,0,28,26,0.8671655,0
821,-0.6332415402076021,-0.0372388009616343,-0.1236673722465709,0,1,0,1,0,18,124,0.86713594,1
822,-0.4398377775429825,-0.0484848800823963,-1.4144341825022642,1,1,0,1,0,28,26,0.86713475,0
823,0.2048414313390829,-0.2012179434487226,-1.6893197069085693,0,1,0,1,1,41,999,0.86712843,0
824,-0.5043056984311891,0.6020285457073783,-0.6136806983621582,1,1,0,1,0,35,124,0.8671069,1
825,1.107392323773975,0.31101268823604,-1.7132227959873785,1,1,0,1,2,41,26,0.86710554,1
826,-0.4398377775429825,0.7594736533980462,0.2946366866325889,1,1,0,1,0,28,26,0.86709607,0
827,-0.3753698566547759,0.7689605693043874,0.4141521320266346,1,1,0,1,0,28,26,0.86709607,1
828,-0.3753698566547759,0.2084786037383665,1.728822031361137,0,1,0,1,1,41,124,0.86707973,1
829,-0.1819660939901563,-0.0835424898554979,-1.6893197069085693,0,1,0,1,1,45,124,0.86706173,0
830,-0.3753698566547759,-0.4105583659648061,-1.175403291714173,1,1,0,1,1,3,26,0.8670605,0
831,-0.6332415402076021,-0.0734901286302358,-0.5300198865863263,1,1,0,1,0,28,124,0.867056,1
832,-0.5687736193193956,-0.0702859384896835,-0.9483239454654862,0,1,0,1,0,30,124,0.86704487,1
833,-0.3753698566547759,-0.2664954641552685,-1.0080816681625089,0,1,0,1,0,30,124,0.86704487,1
834,-0.3109019357665694,-0.0043801452065588,-0.3029405403376394,0,1,0,1,0,28,26,0.8670082,0
835,-0.6332415402076021,-0.3508724711898123,1.704918942282328,1,1,0,1,1,3,124,0.86697423,0
836,-0.3753698566547759,-0.3294483763284724,0.3782974984084209,1,1,0,1,0,28,26,0.8668983,1
837,-0.4398377775429825,-0.3969248510530444,0.2468305084749706,1,1,0,1,0,28,26,0.8668983,1
838,-0.3753698566547759,-0.1796681940720669,-0.4224559857316851,0,1,0,1,0,30,124,0.8668465,1
839,-0.5043056984311891,-0.0089037077579267,-0.4941652529681125,0,1,0,1,0,30,124,0.8668465,0
840,-0.4398377775429825,0.7250443162015234,-1.6295619842115463,0,1,0,1,0,3,26,0.86683255,1
841,-0.3109019357665694,-0.2022231795712488,-0.1236673722465709,1,1,0,1,1,11,124,0.8668319,0
842,-0.5043056984311891,-0.1895949007820133,-0.0519581050101435,1,1,0,1,1,11,124,0.8668319,1
843,-0.3753698566547759,-0.1578043084071218,-0.14757046132538,1,1,0,1,0,18,124,0.8668002,1
844,-0.6332415402076021,0.2007508510464462,-0.3746498075740668,1,1,0,1,0,28,26,0.86679834,1
845,-0.5043056984311891,-0.0179508328606626,-0.3866013521134714,1,1,0,1,1,11,124,0.86676043,1
846,-0.5687736193193956,-0.225720573935299,-0.2909889957982349,1,1,0,1,1,11,124,0.86676043,1
847,-0.5043056984311891,-0.0844848987203662,-0.3507467184952577,1,1,0,1,1,11,124,0.86676043,0
848,-0.3753698566547759,-0.1260137160322304,-0.9124693118472724,1,1,0,1,1,3,163,0.866758,1
849,-0.5687736193193956,-0.1530922640827802,-0.1834250949435937,1,1,0,1,1,41,124,0.86675763,0
850,-0.4398377775429825,0.2068450950392614,0.3543944093296118,0,1,0,1,0,3,26,0.8667334,0
851,-0.5043056984311891,-0.1401498490052552,-0.9244208563866768,1,1,0,1,0,28,124,0.8667243,1
852,-0.4398377775429825,-0.3470400084726812,-0.9363724009260816,1,1,0,1,0,28,124,0.8667243,1
853,-0.5043056984311891,-0.1280241882772828,-0.9602754900048908,1,1,0,1,0,28,124,0.8667243,0
854,-0.5687736193193956,0.2324786161636798,-0.1117158277071663,0,1,0,1,0,28,26,0.8667144,0
855,0.5916489566683223,2.677966793239321,0.82050464636639,1,1,0,1,2,28,26,0.8667061,0
856,0.5916489566683223,2.430113261778952,0.6770861118935352,1,1,0,1,2,28,26,0.8667061,1
857,-0.5687736193193956,-0.372422220566468,1.0356324480756722,1,1,0,1,0,3,124,0.8666851,1
858,-0.5687736193193956,-0.5696369823545792,-1.366628004344646,1,1,0,1,0,46,26,0.86667037,1
859,0.8495206402211485,1.4328562009752923,0.4739098547236575,1,1,0,1,2,28,26,0.8666531,0
860,0.8495206402211485,1.5580709254874634,0.7726984682087716,1,1,0,1,2,28,26,0.8666531,1
861,0.8495206402211485,1.4399556810906335,0.4380552211054437,1,1,0,1,2,28,26,0.8666531,0
862,0.8495206402211485,1.4976939308782329,0.5934253001177031,1,1,0,1,2,28,26,0.8666531,1
863,0.8495206402211485,1.3939033012274016,1.6690643086641144,1,1,0,1,2,28,26,0.86664295,0
864,-0.5687736193193956,-0.4022651679539649,-1.0917424799383408,0,1,0,1,0,46,26,0.8666428,1
865,-0.5687736193193956,-0.5155427135111373,0.8563592799846036,1,1,0,1,0,3,26,0.86664194,1
866,-0.5043056984311891,0.7931490635026743,1.597355041427687,0,1,0,1,0,28,124,0.8665979,1
867,-0.3109019357665694,0.1729183759040017,-1.4024826379628597,1,1,0,1,1,29,26,0.86658096,1
868,-0.2464340148783628,0.1063843100442981,-1.7132227959873785,0,1,0,1,1,46,124,0.8665425,0
869,-0.5687736193193956,0.0509078415323828,-1.0797909353989363,1,1,0,1,1,29,26,0.8665409,1
870,-0.3753698566547759,0.6904893244896849,-1.1275971135565546,1,1,0,1,0,18,124,0.8665391,0
871,-0.5043056984311891,-0.4199196273558315,-1.1275971135565546,1,1,0,1,0,46,124,0.8665348,1
872,-0.5687736193193956,-0.4703070879974578,-1.1634517471747683,1,1,0,1,0,46,124,0.8665348,0
873,-0.3753698566547759,0.0224470938133594,0.8683108245240082,1,1,0,1,1,29,26,0.86651546,0
874,-0.3753698566547759,0.2856304761422532,0.569522211038894,0,1,0,1,0,28,26,0.8665072,0
875,-0.3753698566547759,0.2946776012449891,0.3902490429478255,0,1,0,1,0,28,26,0.8665072,1
876,-0.3753698566547759,0.2999550908882517,1.1192932598515042,0,1,0,1,0,28,26,0.8665072,1
877,-0.3753698566547759,0.3174838957748025,0.3185397757113981,0,1,0,1,0,28,26,0.8665072,1
878,-0.5687736193193956,-1.7408627196129314,-1.4622403606598826,0,1,0,1,0,29,26,0.86649597,1
879,0.1403735104508764,0.6771071186085548,0.2229274193961615,1,1,0,1,2,11,26,0.86647177,1
880,0.4627131148919091,0.4665729781969713,0.1034119740021158,1,1,0,1,2,11,26,0.8664694,0
881,-0.5043056984311891,0.944060136396922,-0.3746498075740668,0,1,0,1,0,28,26,0.86646855,0
882,-0.5043056984311891,0.5534630755378307,1.6810158532035189,1,1,0,1,0,28,124,0.8664587,1
883,-0.6332415402076021,0.0075570337484399,-0.0997642831677617,1,1,0,1,1,41,26,0.86645067,1
884,-0.3753698566547759,0.687096652576159,1.5017426851124502,0,1,0,1,0,3,124,0.86644405,0
885,-0.2464340148783628,-0.2771760979571094,0.043654251305093,1,1,0,1,1,11,26,0.8664383,0
886,-0.5687736193193956,0.6670547573832927,0.043654251305093,1,1,0,1,1,28,124,0.8664223,1
887,-0.4398377775429825,0.2307822802069168,1.0595355371544812,1,1,0,1,0,6,124,0.8663867,0
888,-0.3753698566547759,0.3210650494613022,-0.1953766394829983,0,1,0,1,0,28,26,0.8663313,1
889,-0.6332415402076021,0.2848765490503586,1.6571127641247096,0,1,0,1,0,28,26,0.8663191,0
890,-0.6332415402076021,1.557756789199174,-0.6973415101379902,0,1,0,1,0,28,26,0.86631536,1
891,-0.4398377775429825,1.2612749603115996,-1.725174340526783,0,1,0,1,0,28,124,0.8662816,1
892,-0.6332415402076021,-0.4468096936334076,0.5217160328812758,1,1,0,1,0,45,26,0.86627537,1
893,-0.4398377775429825,0.3042273444089881,1.4658880514942365,1,1,0,1,0,28,26,0.8662526,0
894,-0.4398377775429825,0.3236409670252756,1.2149056161667406,1,1,0,1,0,28,26,0.8662526,0
895,0.5916489566683223,0.0238921207394909,1.728822031361137,0,1,0,1,2,28,26,0.8662232,0
896,-0.3109019357665694,-0.0184534509219257,-0.4224559857316851,0,1,0,1,1,29,26,0.8662076,1
897,-0.3753698566547759,-0.3777625374673885,-0.231231273101212,0,1,0,1,1,29,26,0.8662076,1
898,-0.5687736193193956,-0.1615111166089372,-0.5897776092833491,0,1,0,1,0,28,124,0.86620533,0
899,-0.4398377775429825,-0.1982650623388018,-0.7212445992167993,0,1,0,1,0,28,124,0.86620533,0
900,-0.5687736193193956,-0.163898552399937,-0.7331961437562039,0,1,0,1,0,28,124,0.86620533,1
901,-0.6332415402076021,-0.0961707686447334,-0.5539229756651354,1,1,0,1,1,41,124,0.8662005,0
902,-0.3109019357665694,-0.3031237553698173,0.2826851420931844,0,1,0,1,1,35,26,0.8661823,1
903,-0.2464340148783628,0.4421331749680528,0.8683108245240082,0,1,0,1,1,11,26,0.8661752,0
904,-0.4398377775429825,0.3631593120920873,1.597355041427687,0,1,0,1,0,28,124,0.86617494,0
905,0.5916489566683223,2.677966793239321,1.0475839926150767,1,1,0,1,2,28,26,0.8661578,0
906,-0.4398377775429825,-0.6429563920413347,-0.2909889957982349,1,1,0,1,1,30,26,0.86615187,1
907,-0.4398377775429825,0.9502172076473948,1.286614883403168,1,1,0,1,0,3,124,0.8661358,0
908,-0.3109019357665694,-0.2603383929047954,0.0317027067656884,1,1,0,1,1,11,163,0.8661288,1
909,-0.5687736193193956,0.0336931729341214,0.8085531018269854,0,1,0,1,0,28,26,0.86612254,1
910,-0.5687736193193956,0.1818398464914219,1.2268571607061451,0,1,0,1,0,28,26,0.86612254,1
911,-0.4398377775429825,0.1048136286028509,0.5217160328812758,0,1,0,1,0,28,26,0.86612254,1
912,-0.4398377775429825,0.0573162218134874,0.1631696966991387,0,1,0,1,0,28,26,0.86612254,0
913,-0.5687736193193956,0.1535047532877143,0.1631696966991387,0,1,0,1,0,28,26,0.86612254,0
914,-0.4398377775429825,0.176688011363475,0.2229274193961615,0,1,0,1,0,28,26,0.86612254,0
915,-0.6332415402076021,-0.5132809322354535,-1.6773681623691648,1,1,0,1,1,46,124,0.86611915,0
916,0.8495206402211485,1.482489734525024,1.0236809035362675,1,1,0,1,2,28,26,0.86610466,1
917,0.7205847984447353,2.677966793239321,0.4380552211054437,1,1,0,1,2,28,26,0.86610186,1
918,-0.5043056984311891,1.1740707266824506,0.6412314782753215,0,1,0,1,0,28,26,0.8660918,1
919,-0.5043056984311891,1.1851911512878968,0.6890376564329397,0,1,0,1,0,28,26,0.8660918,0
920,-0.3109019357665694,1.312165039014489,1.2507602497849544,0,1,0,1,0,28,26,0.8660918,1
921,-0.5043056984311891,1.2690027130035195,-0.1953766394829983,1,1,0,1,0,28,26,0.86609125,0
922,-0.5687736193193956,-0.1505791737764647,0.127315063080925,0,1,0,1,0,28,124,0.86608094,0
923,-0.3109019357665694,-0.219500675427168,-1.4144341825022642,0,1,0,1,1,41,26,0.8660545,1
924,-0.4398377775429825,1.2020916835978688,-0.3507467184952577,1,1,0,1,0,28,26,0.8660194,1
925,-0.6332415402076021,0.3946985954363472,-0.1595220058647846,1,1,0,1,0,3,124,0.8660181,0
926,-0.4398377775429825,0.5320389806764908,0.987826269918054,0,1,0,1,0,3,124,0.8660156,0
927,-0.3109019357665694,-0.3649457769051793,-1.259064103490005,0,1,0,1,1,41,26,0.86601424,1
928,-0.4398377775429825,-0.0047571087525061,-1.11564556901715,1,1,0,1,1,11,163,0.866001,1
929,-0.5043056984311891,0.0973371849415622,-0.2073281840224029,0,1,0,1,0,28,26,0.8659463,0
930,-0.3753698566547759,-0.3430190639825763,-0.9483239454654862,1,1,0,1,1,11,124,0.86594164,1
931,-0.4398377775429825,-0.0676471936680522,-1.0200332127019136,1,1,0,1,1,11,124,0.86594164,1
932,-0.5043056984311891,0.5385730154729113,1.6332096750459006,1,1,0,1,0,28,124,0.8659198,0
933,-0.5043056984311891,0.5138190759557033,-0.8646631336896541,1,1,0,1,0,28,124,0.86591476,1
934,-0.3109019357665694,-0.10936449275289,-1.3307733707264322,1,1,0,1,1,11,124,0.86589676,0
935,-0.3753698566547759,0.1996199604086042,1.011729358996863,1,1,0,1,0,28,26,0.8658674,1
936,-0.4398377775429825,0.0686251281919073,0.8922139136028173,1,1,0,1,0,28,26,0.8658674,0
937,-0.5043056984311891,0.0509706687900407,1.1073417153120997,1,1,0,1,0,28,26,0.8658674,0
938,-0.3753698566547759,0.0778607350676168,0.5456191219600849,1,1,0,1,0,28,26,0.8658674,1
939,-0.3753698566547759,-0.0939089873690495,-1.2112579253323863,1,1,0,1,1,11,124,0.8658566,0
940,0.5916489566683223,2.4507206022907395,0.0675573403839021,1,1,0,1,2,28,26,0.86584103,1
941,-0.3753698566547759,1.2887932991657545,0.8563592799846036,1,1,0,1,0,28,26,0.86583656,1
942,0.7850527193329419,1.5940709441254337,0.3065882311719935,1,1,0,1,2,28,26,0.86581475,1
943,0.7850527193329419,1.5999767063452748,0.4022005874872301,1,1,0,1,2,28,26,0.86581475,0
944,0.7850527193329419,1.4747619818331037,0.2946366866325889,1,1,0,1,2,28,26,0.86581475,0
945,0.7850527193329419,1.4087305340346632,0.1870727857779478,1,1,0,1,2,28,26,0.86581475,0
946,0.7850527193329419,1.5786782659992509,0.6412314782753215,1,1,0,1,2,28,26,0.86581475,0
947,-0.4398377775429825,0.1068241008479033,1.6332096750459006,0,1,0,1,0,28,124,0.8657979,0
948,-0.4398377775429825,-0.2448828875209549,-0.3507467184952577,1,1,0,1,1,4,163,0.8657806,0
949,-0.3753698566547759,0.5050860871412568,-1.5339496278963098,0,1,0,1,0,28,124,0.8657397,1
950,-0.4398377775429825,0.5258190821683599,-1.6534650732903555,0,1,0,1,0,28,124,0.8657397,1
951,-0.4398377775429825,0.5182798112494134,-1.5339496278963098,0,1,0,1,0,28,124,0.8657397,1
952,-0.3109019357665694,0.6019028911920625,-1.6056588951327373,0,1,0,1,0,28,124,0.8657397,0
953,-0.4398377775429825,0.6054840448785622,-1.6056588951327373,0,1,0,1,0,28,124,0.8657397,0
954,-0.5687736193193956,0.0561853311756454,1.6093065859670914,0,1,0,1,1,11,124,0.8657381,0
955,0.5916489566683223,1.806238593236122,0.2587820530143752,1,1,0,1,2,28,26,0.8657365,0
956,0.5916489566683223,2.014887915917969,0.2229274193961615,1,1,0,1,2,28,26,0.8657365,0
957,-0.3753698566547759,0.4979237797682575,0.3185397757113981,1,1,0,1,0,28,26,0.8657333,1
958,-0.5043056984311891,0.4450232288203156,0.5097644883418712,1,1,0,1,0,28,26,0.8657333,0
959,-0.3753698566547759,0.4101541008201877,0.4380552211054437,1,1,0,1,0,28,26,0.8657333,0
960,-0.4398377775429825,0.4994316339520468,0.3424428647902072,1,1,0,1,0,28,26,0.8657333,0
961,-0.5043056984311891,0.0533581045810404,-1.1873548362535775,0,1,0,1,0,30,124,0.865726,1
962,-0.3753698566547759,0.3247090304054597,0.6890376564329397,0,1,0,1,0,4,26,0.8657235,0
963,-0.2464340148783628,-0.688380499327988,-0.4463590748104942,1,1,0,1,1,11,124,0.8657125,0
964,-0.5687736193193956,1.1836832971041076,-0.9961301236231044,0,1,0,1,0,41,124,0.8657019,0
965,-0.2464340148783628,-0.0588513775959478,0.6770861118935352,0,1,0,1,1,11,26,0.86566216,0
966,-0.5687736193193956,0.031682700689069,-0.1356189167859754,1,1,0,1,1,3,163,0.8656566,0
967,-0.3753698566547759,0.2421540138429946,1.0595355371544812,0,1,0,1,0,18,26,0.8656515,1
968,-0.3753698566547759,0.033944481964753,-0.3029405403376394,0,1,0,1,0,4,124,0.86564535,1
969,-0.6332415402076021,0.4857981190402851,-1.7132227959873785,0,1,0,1,1,28,26,0.8656414,1
970,-0.4398377775429825,0.4347823858220799,1.728822031361137,0,1,0,1,0,28,124,0.86562294,0
971,-0.3753698566547759,0.020436621568307,-1.2710156480294097,1,1,0,1,0,28,124,0.8656144,0
972,0.8495206402211485,2.677966793239321,0.5575706664994895,1,1,0,1,2,28,26,0.8655791,1
973,0.8495206402211485,2.3926682162148505,0.4261036765660392,1,1,0,1,2,28,26,0.8655791,0
974,-0.3753698566547759,-0.0907047972284972,0.3902490429478255,0,1,0,1,0,18,124,0.86556506,1
975,-0.5043056984311891,0.992876915597101,-1.2232094698717912,0,1,0,1,0,41,124,0.86556387,0
976,0.7205847984447353,2.5129195873720485,1.430033417876023,1,1,0,1,2,28,26,0.86555153,1
977,0.7205847984447353,2.677966793239321,1.2985664279425726,1,1,0,1,2,28,26,0.86555153,1
978,-0.4398377775429825,-0.1225582168610465,1.597355041427687,1,1,0,1,0,4,163,0.8655119,1
979,-0.5043056984311891,-0.2924431215679763,-1.0200332127019136,0,1,0,1,0,46,26,0.8654904,0
980,-0.4398377775429825,-0.3775740556944149,-0.9124693118472724,0,1,0,1,0,46,26,0.8654904,1
981,-0.3753698566547759,-1.7408627196129314,-0.56587452020454,1,1,0,1,0,41,124,0.86548376,1
982,-0.3109019357665694,0.6500913978156628,-1.4622403606598826,0,1,0,1,0,28,124,0.8654285,1
983,-0.5043056984311891,0.6531071061832414,-1.6295619842115463,0,1,0,1,0,28,124,0.8654285,1
984,-0.6332415402076021,0.7688977420467294,-0.6973415101379902,0,1,0,1,0,28,124,0.8654271,0
985,-0.3753698566547759,-0.017196905768768,-0.4463590748104942,1,1,0,1,0,28,124,0.8654249,0
986,-0.4398377775429825,-0.0715424836428413,-0.5061167975075171,1,1,0,1,0,28,124,0.8654249,0
987,-0.5043056984311891,-0.2553122122921644,-0.4344075302710897,1,1,0,1,0,28,124,0.8654249,1
988,-0.5043056984311891,-0.0344115743670293,1.011729358996863,1,1,0,1,1,11,124,0.8654178,0
989,-0.3109019357665694,-0.5458254517022395,1.430033417876023,1,1,0,1,1,11,124,0.8654178,1
990,-0.6332415402076021,0.1342796124444005,-0.1117158277071663,1,1,0,1,0,28,26,0.8654133,0
991,-0.4398377775429825,-0.0308932479381876,-0.9244208563866768,0,1,0,1,0,28,124,0.8653837,0
992,-0.3753698566547759,-0.0447780718805809,-0.9124693118472724,0,1,0,1,0,28,124,0.8653837,1
993,-0.5043056984311891,-0.0354168104895555,-1.031984757241318,0,1,0,1,0,28,124,0.8653837,1
994,-0.3109019357665694,-0.1818043208324351,-1.0439363017807226,0,1,0,1,0,28,124,0.8653837,0
995,-0.4398377775429825,-0.2010294616757489,-1.0200332127019136,0,1,0,1,0,28,124,0.8653837,0
996,-0.3753698566547759,-0.0993749587852858,-0.9244208563866768,1,1,0,1,0,46,124,0.86538166,1
997,-0.3753698566547759,-0.2326943995353246,-0.0758611940889526,0,1,0,1,1,35,26,0.8653786,0
998,-0.3753698566547759,-0.3322127756654195,-0.6375837874409673,0,1,0,1,1,35,26,0.8653786,1
999,-0.5687736193193956,0.702866294248289,1.4658880514942365,1,1,0,1,0,28,26,0.8653683,1
1000,-0.5687736193193956,0.6799971724608176,0.4261036765660392,1,1,0,1,0,28,26,0.8653683,0
